type,name,href,img
草部,甘草,http://www.a-hospital.com/w/%E6%9C%AC%E8%8D%89%E7%BA%B2%E7%9B%AE/%E7%94%98%E8%8D%89,http://p.ayxbk.com/images/thumb/a/a4/Bk1es.jpg/220px-Bk1es.jpg
草部,黄芪,http://www.a-hospital.com/w/%E6%9C%AC%E8%8D%89%E7%BA%B2%E7%9B%AE/%E9%BB%84%E8%8A%AA,http://p.ayxbk.com/images/thumb/a/ae/Bk1wx.jpg/220px-Bk1wx.jpg
草部,人参,http://www.a-hospital.com/w/%E6%9C%AC%E8%8D%89%E7%BA%B2%E7%9B%AE/%E4%BA%BA%E5%8F%82,http://p.ayxbk.com/images/thumb/5/51/Bk3go.jpg/220px-Bk3go.jpg
草部,沙参,http://www.a-hospital.com/w/%E6%9C%AC%E8%8D%89%E7%BA%B2%E7%9B%AE/%E6%B2%99%E5%8F%82,http://p.ayxbk.com/images/thumb/6/63/Bkeso.jpg/220px-Bkeso.jpg
草部,荠苠,http://www.a-hospital.com/w/%E6%9C%AC%E8%8D%89%E7%BA%B2%E7%9B%AE/%E8%8D%A0%E8%8B%A0,
草部,桔梗,http://www.a-hospital.com/w/%E6%9C%AC%E8%8D%89%E7%BA%B2%E7%9B%AE/%E6%A1%94%E6%A2%97,http://p.ayxbk.com/images/thumb/f/fe/Bk28t.jpg/220px-Bk28t.jpg
草部,长松,http://www.a-hospital.com/w/%E6%9C%AC%E8%8D%89%E7%BA%B2%E7%9B%AE/%E9%95%BF%E6%9D%BE,
草部,黄精,http://www.a-hospital.com/w/%E6%9C%AC%E8%8D%89%E7%BA%B2%E7%9B%AE/%E9%BB%84%E7%B2%BE,http://p.ayxbk.com/images/thumb/b/b4/Bk1ws.jpg/220px-Bk1ws.jpg
草部,萎蕤,http://www.a-hospital.com/w/%E6%9C%AC%E8%8D%89%E7%BA%B2%E7%9B%AE/%E8%90%8E%E8%95%A4,
草部,知母,http://www.a-hospital.com/w/%E6%9C%AC%E8%8D%89%E7%BA%B2%E7%9B%AE/%E7%9F%A5%E6%AF%8D,http://p.ayxbk.com/images/thumb/5/5a/Bk50y.jpg/220px-Bk50y.jpg
草部,肉苁蓉,http://www.a-hospital.com/w/%E6%9C%AC%E8%8D%89%E7%BA%B2%E7%9B%AE/%E8%82%89%E8%8B%81%E8%93%89,http://p.ayxbk.com/images/0/0d/Bk3hy.jpg
草部,列当,http://www.a-hospital.com/w/%E6%9C%AC%E8%8D%89%E7%BA%B2%E7%9B%AE/%E5%88%97%E5%BD%93,http://p.ayxbk.com/images/7/75/Bkc8x.jpg
草部,赤箭（天麻）,http://www.a-hospital.com/w/%E6%9C%AC%E8%8D%89%E7%BA%B2%E7%9B%AE/%E8%B5%A4%E7%AE%AD%EF%BC%88%E5%A4%A9%E9%BA%BB%EF%BC%89,
草部,术（白术）,http://www.a-hospital.com/w/%E6%9C%AC%E8%8D%89%E7%BA%B2%E7%9B%AE/%E6%9C%AF%EF%BC%88%E7%99%BD%E6%9C%AF%EF%BC%89,
草部,苍术,http://www.a-hospital.com/w/%E6%9C%AC%E8%8D%89%E7%BA%B2%E7%9B%AE/%E8%8B%8D%E6%9C%AF,http://p.ayxbk.com/images/9/9a/Bk0l6.jpg
草部,狗脊,http://www.a-hospital.com/w/%E6%9C%AC%E8%8D%89%E7%BA%B2%E7%9B%AE/%E7%8B%97%E8%84%8A,http://p.ayxbk.com/images/thumb/f/fd/Bk1j2.jpg/220px-Bk1j2.jpg
草部,贯众,http://www.a-hospital.com/w/%E6%9C%AC%E8%8D%89%E7%BA%B2%E7%9B%AE/%E8%B4%AF%E4%BC%97,
草部,巴戟天,http://www.a-hospital.com/w/%E6%9C%AC%E8%8D%89%E7%BA%B2%E7%9B%AE/%E5%B7%B4%E6%88%9F%E5%A4%A9,http://p.ayxbk.com/images/thumb/d/d4/Bkci0.jpg/220px-Bkci0.jpg
草部,远志,http://www.a-hospital.com/w/%E6%9C%AC%E8%8D%89%E7%BA%B2%E7%9B%AE/%E8%BF%9C%E5%BF%97,http://p.ayxbk.com/images/thumb/6/6e/Bk4y5.jpg/220px-Bk4y5.jpg
草部,淫羊霍,http://www.a-hospital.com/w/%E6%9C%AC%E8%8D%89%E7%BA%B2%E7%9B%AE/%E6%B7%AB%E7%BE%8A%E9%9C%8D,
草部,仙茅,http://www.a-hospital.com/w/%E6%9C%AC%E8%8D%89%E7%BA%B2%E7%9B%AE/%E4%BB%99%E8%8C%85,http://p.ayxbk.com/images/d/d7/Bk4ch.jpg
草部,玄参,http://www.a-hospital.com/w/%E6%9C%AC%E8%8D%89%E7%BA%B2%E7%9B%AE/%E7%8E%84%E5%8F%82,http://p.ayxbk.com/images/1/1c/Bk4jr.jpg
草部,地榆,http://www.a-hospital.com/w/%E6%9C%AC%E8%8D%89%E7%BA%B2%E7%9B%AE/%E5%9C%B0%E6%A6%86,http://p.ayxbk.com/images/thumb/3/35/Bkmf3.jpg/220px-Bkmf3.jpg
草部,丹参,http://www.a-hospital.com/w/%E6%9C%AC%E8%8D%89%E7%BA%B2%E7%9B%AE/%E4%B8%B9%E5%8F%82,http://p.ayxbk.com/images/thumb/4/4c/Bk0xi.jpg/220px-Bk0xi.jpg
草部,紫参,http://www.a-hospital.com/w/%E6%9C%AC%E8%8D%89%E7%BA%B2%E7%9B%AE/%E7%B4%AB%E5%8F%82,http://p.ayxbk.com/images/3/37/Bkmum.jpg
草部,紫草,http://www.a-hospital.com/w/%E6%9C%AC%E8%8D%89%E7%BA%B2%E7%9B%AE/%E7%B4%AB%E8%8D%89,http://p.ayxbk.com/images/thumb/3/39/Bk578.jpg/220px-Bk578.jpg
草部,白头翁,http://www.a-hospital.com/w/%E6%9C%AC%E8%8D%89%E7%BA%B2%E7%9B%AE/%E7%99%BD%E5%A4%B4%E7%BF%81,http://p.ayxbk.com/images/thumb/5/58/Bk09f.jpg/220px-Bk09f.jpg
草部,白及,http://www.a-hospital.com/w/%E6%9C%AC%E8%8D%89%E7%BA%B2%E7%9B%AE/%E7%99%BD%E5%8F%8A,http://p.ayxbk.com/images/thumb/2/2c/Bkmrm.jpg/220px-Bkmrm.jpg
草部,三七,http://www.a-hospital.com/w/%E6%9C%AC%E8%8D%89%E7%BA%B2%E7%9B%AE/%E4%B8%89%E4%B8%83,http://p.ayxbk.com/images/thumb/6/6e/Bkklp.jpg/220px-Bkklp.jpg
草部,黄连,http://www.a-hospital.com/w/%E6%9C%AC%E8%8D%89%E7%BA%B2%E7%9B%AE/%E9%BB%84%E8%BF%9E,http://p.ayxbk.com/images/thumb/4/4c/Bk1wu.jpg/220px-Bk1wu.jpg
草部,胡黄连,http://www.a-hospital.com/w/%E6%9C%AC%E8%8D%89%E7%BA%B2%E7%9B%AE/%E8%83%A1%E9%BB%84%E8%BF%9E,http://p.ayxbk.com/images/thumb/d/dc/Bk1sj.jpg/220px-Bk1sj.jpg
草部,黄芩,http://www.a-hospital.com/w/%E6%9C%AC%E8%8D%89%E7%BA%B2%E7%9B%AE/%E9%BB%84%E8%8A%A9,http://p.ayxbk.com/images/thumb/2/24/Bket8.jpg/220px-Bket8.jpg
草部,秦艽,http://www.a-hospital.com/w/%E6%9C%AC%E8%8D%89%E7%BA%B2%E7%9B%AE/%E7%A7%A6%E8%89%BD,http://p.ayxbk.com/images/b/be/Bk3cb.jpg
草部,茈胡（柴胡）,http://www.a-hospital.com/w/%E6%9C%AC%E8%8D%89%E7%BA%B2%E7%9B%AE/%E8%8C%88%E8%83%A1%EF%BC%88%E6%9F%B4%E8%83%A1%EF%BC%89,
草部,前胡,http://www.a-hospital.com/w/%E6%9C%AC%E8%8D%89%E7%BA%B2%E7%9B%AE/%E5%89%8D%E8%83%A1,http://p.ayxbk.com/images/thumb/e/e9/Bk3ao.jpg/220px-Bk3ao.jpg
草部,防风,http://www.a-hospital.com/w/%E6%9C%AC%E8%8D%89%E7%BA%B2%E7%9B%AE/%E9%98%B2%E9%A3%8E,http://p.ayxbk.com/images/thumb/c/c0/Bk17z.jpg/220px-Bk17z.jpg
草部,独活,http://www.a-hospital.com/w/%E6%9C%AC%E8%8D%89%E7%BA%B2%E7%9B%AE/%E7%8B%AC%E6%B4%BB,http://p.ayxbk.com/images/thumb/4/42/Bk14a.jpg/220px-Bk14a.jpg
草部,升麻,http://www.a-hospital.com/w/%E6%9C%AC%E8%8D%89%E7%BA%B2%E7%9B%AE/%E5%8D%87%E9%BA%BB,http://p.ayxbk.com/images/thumb/8/8a/Bkmdg.jpg/220px-Bkmdg.jpg
草部,苦参,http://www.a-hospital.com/w/%E6%9C%AC%E8%8D%89%E7%BA%B2%E7%9B%AE/%E8%8B%A6%E5%8F%82,http://p.ayxbk.com/images/thumb/a/a2/Bk2e9.jpg/220px-Bk2e9.jpg
草部,白鲜,http://www.a-hospital.com/w/%E6%9C%AC%E8%8D%89%E7%BA%B2%E7%9B%AE/%E7%99%BD%E9%B2%9C,
草部,延胡索,http://www.a-hospital.com/w/%E6%9C%AC%E8%8D%89%E7%BA%B2%E7%9B%AE/%E5%BB%B6%E8%83%A1%E7%B4%A2,
草部,贝母,http://www.a-hospital.com/w/%E6%9C%AC%E8%8D%89%E7%BA%B2%E7%9B%AE/%E8%B4%9D%E6%AF%8D,
草部,山慈姑,http://www.a-hospital.com/w/%E6%9C%AC%E8%8D%89%E7%BA%B2%E7%9B%AE/%E5%B1%B1%E6%85%88%E5%A7%91,http://p.ayxbk.com/images/thumb/8/8f/Bk6xx.jpg/220px-Bk6xx.jpg
草部,石蒜,http://www.a-hospital.com/w/%E6%9C%AC%E8%8D%89%E7%BA%B2%E7%9B%AE/%E7%9F%B3%E8%92%9C,http://p.ayxbk.com/images/f/f3/Bkmtn.jpg
草部,白茅,http://www.a-hospital.com/w/%E6%9C%AC%E8%8D%89%E7%BA%B2%E7%9B%AE/%E7%99%BD%E8%8C%85,
草部,龙胆,http://www.a-hospital.com/w/%E6%9C%AC%E8%8D%89%E7%BA%B2%E7%9B%AE/%E9%BE%99%E8%83%86,http://p.ayxbk.com/images/thumb/e/e0/Bk2ne.jpg/220px-Bk2ne.jpg
草部,细辛,http://www.a-hospital.com/w/%E6%9C%AC%E8%8D%89%E7%BA%B2%E7%9B%AE/%E7%BB%86%E8%BE%9B,http://p.ayxbk.com/images/thumb/e/e0/Bk4bm.jpg/220px-Bk4bm.jpg
草部,及己,http://www.a-hospital.com/w/%E6%9C%AC%E8%8D%89%E7%BA%B2%E7%9B%AE/%E5%8F%8A%E5%B7%B1,http://p.ayxbk.com/images/thumb/6/64/Bkde6.jpg/220px-Bkde6.jpg
草部,徐长卿,http://www.a-hospital.com/w/%E6%9C%AC%E8%8D%89%E7%BA%B2%E7%9B%AE/%E5%BE%90%E9%95%BF%E5%8D%BF,http://p.ayxbk.com/images/1/1c/Bk4jn.jpg
草部,白薇,http://www.a-hospital.com/w/%E6%9C%AC%E8%8D%89%E7%BA%B2%E7%9B%AE/%E7%99%BD%E8%96%87,http://p.ayxbk.com/images/thumb/6/60/Bk09i.jpg/220px-Bk09i.jpg
草部,白前,http://www.a-hospital.com/w/%E6%9C%AC%E8%8D%89%E7%BA%B2%E7%9B%AE/%E7%99%BD%E5%89%8D,http://p.ayxbk.com/images/b/b7/Bk090.jpg
草部,锦地罗,http://www.a-hospital.com/w/%E6%9C%AC%E8%8D%89%E7%BA%B2%E7%9B%AE/%E9%94%A6%E5%9C%B0%E7%BD%97,http://p.ayxbk.com/images/thumb/1/1e/Bkn9n.jpg/220px-Bkn9n.jpg
草部,檀香,http://www.a-hospital.com/w/%E6%9C%AC%E8%8D%89%E7%BA%B2%E7%9B%AE/%E6%AA%80%E9%A6%99,http://p.ayxbk.com/images/thumb/4/4d/Bk3wn.jpg/220px-Bk3wn.jpg
草部,锁阳,http://www.a-hospital.com/w/%E6%9C%AC%E8%8D%89%E7%BA%B2%E7%9B%AE/%E9%94%81%E9%98%B3,http://p.ayxbk.com/images/thumb/0/03/Bkn9j.jpg/220px-Bkn9j.jpg
草部,铁线草,http://www.a-hospital.com/w/%E6%9C%AC%E8%8D%89%E7%BA%B2%E7%9B%AE/%E9%93%81%E7%BA%BF%E8%8D%89,
草部,当归,http://www.a-hospital.com/w/%E6%9C%AC%E8%8D%89%E7%BA%B2%E7%9B%AE/%E5%BD%93%E5%BD%92,http://p.ayxbk.com/images/9/9c/Bk0yj.jpg
草部,芎穷,http://www.a-hospital.com/w/%E6%9C%AC%E8%8D%89%E7%BA%B2%E7%9B%AE/%E8%8A%8E%E7%A9%B7,
草部,蘼芜,http://www.a-hospital.com/w/%E6%9C%AC%E8%8D%89%E7%BA%B2%E7%9B%AE/%E8%98%BC%E8%8A%9C,http://p.ayxbk.com/images/thumb/b/b2/Bke8h.jpg/220px-Bke8h.jpg
草部,蛇床,http://www.a-hospital.com/w/%E6%9C%AC%E8%8D%89%E7%BA%B2%E7%9B%AE/%E8%9B%87%E5%BA%8A,
草部,藁本,http://www.a-hospital.com/w/%E6%9C%AC%E8%8D%89%E7%BA%B2%E7%9B%AE/%E8%97%81%E6%9C%AC,http://p.ayxbk.com/images/thumb/7/7c/Bk1ha.jpg/220px-Bk1ha.jpg
草部,白芷,http://www.a-hospital.com/w/%E6%9C%AC%E8%8D%89%E7%BA%B2%E7%9B%AE/%E7%99%BD%E8%8A%B7,http://p.ayxbk.com/images/thumb/1/1e/Bk09p.jpg/220px-Bk09p.jpg
草部,芍药,http://www.a-hospital.com/w/%E6%9C%AC%E8%8D%89%E7%BA%B2%E7%9B%AE/%E8%8A%8D%E8%8D%AF,
草部,牡丹,http://www.a-hospital.com/w/%E6%9C%AC%E8%8D%89%E7%BA%B2%E7%9B%AE/%E7%89%A1%E4%B8%B9,
草部,木香,http://www.a-hospital.com/w/%E6%9C%AC%E8%8D%89%E7%BA%B2%E7%9B%AE/%E6%9C%A8%E9%A6%99,http://p.ayxbk.com/images/thumb/0/08/Bk312.jpg/220px-Bk312.jpg
草部,甘松香,http://www.a-hospital.com/w/%E6%9C%AC%E8%8D%89%E7%BA%B2%E7%9B%AE/%E7%94%98%E6%9D%BE%E9%A6%99,
草部,杜若,http://www.a-hospital.com/w/%E6%9C%AC%E8%8D%89%E7%BA%B2%E7%9B%AE/%E6%9D%9C%E8%8B%A5,
草部,高良姜,http://www.a-hospital.com/w/%E6%9C%AC%E8%8D%89%E7%BA%B2%E7%9B%AE/%E9%AB%98%E8%89%AF%E5%A7%9C,http://p.ayxbk.com/images/thumb/2/2a/Bk1gv.jpg/220px-Bk1gv.jpg
草部,郁金,http://www.a-hospital.com/w/%E6%9C%AC%E8%8D%89%E7%BA%B2%E7%9B%AE/%E9%83%81%E9%87%91,http://p.ayxbk.com/images/thumb/4/46/Bk4x8.jpg/220px-Bk4x8.jpg
草部,姜黄,http://www.a-hospital.com/w/%E6%9C%AC%E8%8D%89%E7%BA%B2%E7%9B%AE/%E5%A7%9C%E9%BB%84,http://p.ayxbk.com/images/thumb/4/43/Bk24g.jpg/220px-Bk24g.jpg
草部,补骨脂,http://www.a-hospital.com/w/%E6%9C%AC%E8%8D%89%E7%BA%B2%E7%9B%AE/%E8%A1%A5%E9%AA%A8%E8%84%82,http://p.ayxbk.com/images/thumb/d/d1/Bk0i7.jpg/220px-Bk0i7.jpg
草部,荜茏,http://www.a-hospital.com/w/%E6%9C%AC%E8%8D%89%E7%BA%B2%E7%9B%AE/%E8%8D%9C%E8%8C%8F,
草部,益智子,http://www.a-hospital.com/w/%E6%9C%AC%E8%8D%89%E7%BA%B2%E7%9B%AE/%E7%9B%8A%E6%99%BA%E5%AD%90,
草部,缩砂密,http://www.a-hospital.com/w/%E6%9C%AC%E8%8D%89%E7%BA%B2%E7%9B%AE/%E7%BC%A9%E7%A0%82%E5%AF%86,
草部,白豆蔻,http://www.a-hospital.com/w/%E6%9C%AC%E8%8D%89%E7%BA%B2%E7%9B%AE/%E7%99%BD%E8%B1%86%E8%94%BB,http://p.ayxbk.com/images/thumb/5/5b/Bk142.jpg/220px-Bk142.jpg
草部,豆蔻,http://www.a-hospital.com/w/%E6%9C%AC%E8%8D%89%E7%BA%B2%E7%9B%AE/%E8%B1%86%E8%94%BB,http://p.ayxbk.com/images/thumb/e/ef/Bk141.jpg/220px-Bk141.jpg
草部,蓬莪茂,http://www.a-hospital.com/w/%E6%9C%AC%E8%8D%89%E7%BA%B2%E7%9B%AE/%E8%93%AC%E8%8E%AA%E8%8C%82,
草部,荆三棱,http://www.a-hospital.com/w/%E6%9C%AC%E8%8D%89%E7%BA%B2%E7%9B%AE/%E8%8D%86%E4%B8%89%E6%A3%B1,http://p.ayxbk.com/images/thumb/2/27/Bk72f.jpg/220px-Bk72f.jpg
草部,莎草香附子,http://www.a-hospital.com/w/%E6%9C%AC%E8%8D%89%E7%BA%B2%E7%9B%AE/%E8%8E%8E%E8%8D%89%E9%A6%99%E9%99%84%E5%AD%90,
草部,藿香,http://www.a-hospital.com/w/%E6%9C%AC%E8%8D%89%E7%BA%B2%E7%9B%AE/%E8%97%BF%E9%A6%99,http://p.ayxbk.com/images/thumb/b/b2/Bk1yv.jpg/220px-Bk1yv.jpg
草部,熏草（零陵香）,http://www.a-hospital.com/w/%E6%9C%AC%E8%8D%89%E7%BA%B2%E7%9B%AE/%E7%86%8F%E8%8D%89%EF%BC%88%E9%9B%B6%E9%99%B5%E9%A6%99%EF%BC%89,
草部,兰草,http://www.a-hospital.com/w/%E6%9C%AC%E8%8D%89%E7%BA%B2%E7%9B%AE/%E5%85%B0%E8%8D%89,
草部,泽兰,http://www.a-hospital.com/w/%E6%9C%AC%E8%8D%89%E7%BA%B2%E7%9B%AE/%E6%B3%BD%E5%85%B0,http://p.ayxbk.com/images/0/0a/Bk4zq.jpg
草部,马兰,http://www.a-hospital.com/w/%E6%9C%AC%E8%8D%89%E7%BA%B2%E7%9B%AE/%E9%A9%AC%E5%85%B0,http://p.ayxbk.com/images/thumb/b/b6/Bkljt.jpg/220px-Bkljt.jpg
草部,香薷,http://www.a-hospital.com/w/%E6%9C%AC%E8%8D%89%E7%BA%B2%E7%9B%AE/%E9%A6%99%E8%96%B7,http://p.ayxbk.com/images/3/3b/Bk4d2.jpg
草部,假苏,http://www.a-hospital.com/w/%E6%9C%AC%E8%8D%89%E7%BA%B2%E7%9B%AE/%E5%81%87%E8%8B%8F,
草部,薄荷,http://www.a-hospital.com/w/%E6%9C%AC%E8%8D%89%E7%BA%B2%E7%9B%AE/%E8%96%84%E8%8D%B7,http://p.ayxbk.com/images/thumb/5/5e/Bk0hl.jpg/220px-Bk0hl.jpg
草部,水苏,http://www.a-hospital.com/w/%E6%9C%AC%E8%8D%89%E7%BA%B2%E7%9B%AE/%E6%B0%B4%E8%8B%8F,http://p.ayxbk.com/images/thumb/6/60/Bkf77.jpg/220px-Bkf77.jpg
草部,菊,http://www.a-hospital.com/w/%E6%9C%AC%E8%8D%89%E7%BA%B2%E7%9B%AE/%E8%8F%8A,
草部,野菊,http://www.a-hospital.com/w/%E6%9C%AC%E8%8D%89%E7%BA%B2%E7%9B%AE/%E9%87%8E%E8%8F%8A,http://p.ayxbk.com/images/b/b0/Bkg0p.jpg
草部,淹闾,http://www.a-hospital.com/w/%E6%9C%AC%E8%8D%89%E7%BA%B2%E7%9B%AE/%E6%B7%B9%E9%97%BE,
草部,艾,http://www.a-hospital.com/w/%E6%9C%AC%E8%8D%89%E7%BA%B2%E7%9B%AE/%E8%89%BE,
草部,茵陈蒿,http://www.a-hospital.com/w/%E6%9C%AC%E8%8D%89%E7%BA%B2%E7%9B%AE/%E8%8C%B5%E9%99%88%E8%92%BF,http://p.ayxbk.com/images/thumb/f/fb/Bkn0d.jpg/220px-Bkn0d.jpg
草部,青蒿,http://www.a-hospital.com/w/%E6%9C%AC%E8%8D%89%E7%BA%B2%E7%9B%AE/%E9%9D%92%E8%92%BF,http://p.ayxbk.com/images/c/ca/Bkna7.jpg
草部,白蒿,http://www.a-hospital.com/w/%E6%9C%AC%E8%8D%89%E7%BA%B2%E7%9B%AE/%E7%99%BD%E8%92%BF,http://p.ayxbk.com/images/d/d8/Bk4uq.jpg
草部,茺蔚（益母草）,http://www.a-hospital.com/w/%E6%9C%AC%E8%8D%89%E7%BA%B2%E7%9B%AE/%E8%8C%BA%E8%94%9A%EF%BC%88%E7%9B%8A%E6%AF%8D%E8%8D%89%EF%BC%89,
草部,夏枯草,http://www.a-hospital.com/w/%E6%9C%AC%E8%8D%89%E7%BA%B2%E7%9B%AE/%E5%A4%8F%E6%9E%AF%E8%8D%89,http://p.ayxbk.com/images/thumb/c/c1/Bk4bw.jpg/220px-Bk4bw.jpg
草部,刘寄奴草,http://www.a-hospital.com/w/%E6%9C%AC%E8%8D%89%E7%BA%B2%E7%9B%AE/%E5%88%98%E5%AF%84%E5%A5%B4%E8%8D%89,
草部,旋夏花,http://www.a-hospital.com/w/%E6%9C%AC%E8%8D%89%E7%BA%B2%E7%9B%AE/%E6%97%8B%E5%A4%8F%E8%8A%B1,
草部,青葙,http://www.a-hospital.com/w/%E6%9C%AC%E8%8D%89%E7%BA%B2%E7%9B%AE/%E9%9D%92%E8%91%99,http://p.ayxbk.com/images/thumb/5/5e/Bkemy.jpg/220px-Bkemy.jpg
草部,鸡冠,http://www.a-hospital.com/w/%E6%9C%AC%E8%8D%89%E7%BA%B2%E7%9B%AE/%E9%B8%A1%E5%86%A0,
草部,红蓝花,http://www.a-hospital.com/w/%E6%9C%AC%E8%8D%89%E7%BA%B2%E7%9B%AE/%E7%BA%A2%E8%93%9D%E8%8A%B1,
草部,番红花,http://www.a-hospital.com/w/%E6%9C%AC%E8%8D%89%E7%BA%B2%E7%9B%AE/%E7%95%AA%E7%BA%A2%E8%8A%B1,http://p.ayxbk.com/images/thumb/6/63/Bkmre.jpg/220px-Bkmre.jpg
草部,燕脂,http://www.a-hospital.com/w/%E6%9C%AC%E8%8D%89%E7%BA%B2%E7%9B%AE/%E7%87%95%E8%84%82,
草部,大蓟、小蓟,http://www.a-hospital.com/w/%E6%9C%AC%E8%8D%89%E7%BA%B2%E7%9B%AE/%E5%A4%A7%E8%93%9F%E3%80%81%E5%B0%8F%E8%93%9F,
草部,续断,http://www.a-hospital.com/w/%E6%9C%AC%E8%8D%89%E7%BA%B2%E7%9B%AE/%E7%BB%AD%E6%96%AD,http://p.ayxbk.com/images/thumb/6/64/Bk4jo.jpg/220px-Bk4jo.jpg
草部,漏卢,http://www.a-hospital.com/w/%E6%9C%AC%E8%8D%89%E7%BA%B2%E7%9B%AE/%E6%BC%8F%E5%8D%A2,
草部,苎麻,http://www.a-hospital.com/w/%E6%9C%AC%E8%8D%89%E7%BA%B2%E7%9B%AE/%E8%8B%8E%E9%BA%BB,http://p.ayxbk.com/images/a/a5/Bkmzs.jpg
草部,苘麻,http://www.a-hospital.com/w/%E6%9C%AC%E8%8D%89%E7%BA%B2%E7%9B%AE/%E8%8B%98%E9%BA%BB,http://p.ayxbk.com/images/thumb/9/96/Bkeny.jpg/220px-Bkeny.jpg
草部,大青,http://www.a-hospital.com/w/%E6%9C%AC%E8%8D%89%E7%BA%B2%E7%9B%AE/%E5%A4%A7%E9%9D%92,http://p.ayxbk.com/images/thumb/e/e6/Bkcjk.jpg/220px-Bkcjk.jpg
草部,小青,http://www.a-hospital.com/w/%E6%9C%AC%E8%8D%89%E7%BA%B2%E7%9B%AE/%E5%B0%8F%E9%9D%92,
草部,胡芦巴,http://www.a-hospital.com/w/%E6%9C%AC%E8%8D%89%E7%BA%B2%E7%9B%AE/%E8%83%A1%E8%8A%A6%E5%B7%B4,http://p.ayxbk.com/images/9/99/Bk1sm.jpg
草部,蠡实,http://www.a-hospital.com/w/%E6%9C%AC%E8%8D%89%E7%BA%B2%E7%9B%AE/%E8%A0%A1%E5%AE%9E,
草部,恶实,http://www.a-hospital.com/w/%E6%9C%AC%E8%8D%89%E7%BA%B2%E7%9B%AE/%E6%81%B6%E5%AE%9E,
草部,呆耳,http://www.a-hospital.com/w/%E6%9C%AC%E8%8D%89%E7%BA%B2%E7%9B%AE/%E5%91%86%E8%80%B3,
草部,无名精,http://www.a-hospital.com/w/%E6%9C%AC%E8%8D%89%E7%BA%B2%E7%9B%AE/%E6%97%A0%E5%90%8D%E7%B2%BE,
草部,希莶,http://www.a-hospital.com/w/%E6%9C%AC%E8%8D%89%E7%BA%B2%E7%9B%AE/%E5%B8%8C%E8%8E%B6,
草部,箬,http://www.a-hospital.com/w/%E6%9C%AC%E8%8D%89%E7%BA%B2%E7%9B%AE/%E7%AE%AC,
草部,芦,http://www.a-hospital.com/w/%E6%9C%AC%E8%8D%89%E7%BA%B2%E7%9B%AE/%E8%8A%A6,
草部,甘蕉,http://www.a-hospital.com/w/%E6%9C%AC%E8%8D%89%E7%BA%B2%E7%9B%AE/%E7%94%98%E8%95%89,
草部,蓑荷,http://www.a-hospital.com/w/%E6%9C%AC%E8%8D%89%E7%BA%B2%E7%9B%AE/%E8%93%91%E8%8D%B7,
草部,灯心草,http://www.a-hospital.com/w/%E6%9C%AC%E8%8D%89%E7%BA%B2%E7%9B%AE/%E7%81%AF%E5%BF%83%E8%8D%89,http://p.ayxbk.com/images/thumb/1/14/Bkapw.jpg/220px-Bkapw.jpg
草部,木贼,http://www.a-hospital.com/w/%E6%9C%AC%E8%8D%89%E7%BA%B2%E7%9B%AE/%E6%9C%A8%E8%B4%BC,http://p.ayxbk.com/images/d/d3/Bk319.jpg
草部,麻黄,http://www.a-hospital.com/w/%E6%9C%AC%E8%8D%89%E7%BA%B2%E7%9B%AE/%E9%BA%BB%E9%BB%84,http://p.ayxbk.com/images/c/c2/Bk2su.jpg
草部,地黄,http://www.a-hospital.com/w/%E6%9C%AC%E8%8D%89%E7%BA%B2%E7%9B%AE/%E5%9C%B0%E9%BB%84,http://p.ayxbk.com/images/5/5e/Bk10n.jpg
草部,牛膝,http://www.a-hospital.com/w/%E6%9C%AC%E8%8D%89%E7%BA%B2%E7%9B%AE/%E7%89%9B%E8%86%9D,http://p.ayxbk.com/images/thumb/2/2e/Bk34n.jpg/220px-Bk34n.jpg
草部,紫菀,http://www.a-hospital.com/w/%E6%9C%AC%E8%8D%89%E7%BA%B2%E7%9B%AE/%E7%B4%AB%E8%8F%80,
草部,麦门冬,http://www.a-hospital.com/w/%E6%9C%AC%E8%8D%89%E7%BA%B2%E7%9B%AE/%E9%BA%A6%E9%97%A8%E5%86%AC,http://p.ayxbk.com/images/thumb/6/6e/Bkazo.jpg/220px-Bkazo.jpg
草部,萱草,http://www.a-hospital.com/w/%E6%9C%AC%E8%8D%89%E7%BA%B2%E7%9B%AE/%E8%90%B1%E8%8D%89,http://p.ayxbk.com/images/thumb/e/e2/Bkn16.jpg/220px-Bkn16.jpg
草部,淡竹叶,http://www.a-hospital.com/w/%E6%9C%AC%E8%8D%89%E7%BA%B2%E7%9B%AE/%E6%B7%A1%E7%AB%B9%E5%8F%B6,http://p.ayxbk.com/images/thumb/a/a6/Bkmoc.jpg/220px-Bkmoc.jpg
草部,鸭跖草,http://www.a-hospital.com/w/%E6%9C%AC%E8%8D%89%E7%BA%B2%E7%9B%AE/%E9%B8%AD%E8%B7%96%E8%8D%89,http://p.ayxbk.com/images/thumb/2/22/Bk4ku.jpg/220px-Bk4ku.jpg
草部,葵,http://www.a-hospital.com/w/%E6%9C%AC%E8%8D%89%E7%BA%B2%E7%9B%AE/%E8%91%B5,
草部,蜀葵,http://www.a-hospital.com/w/%E6%9C%AC%E8%8D%89%E7%BA%B2%E7%9B%AE/%E8%9C%80%E8%91%B5,http://p.ayxbk.com/images/thumb/3/30/Bkn52.jpg/220px-Bkn52.jpg
草部,龙葵,http://www.a-hospital.com/w/%E6%9C%AC%E8%8D%89%E7%BA%B2%E7%9B%AE/%E9%BE%99%E8%91%B5,
草部,酸浆,http://www.a-hospital.com/w/%E6%9C%AC%E8%8D%89%E7%BA%B2%E7%9B%AE/%E9%85%B8%E6%B5%86,http://p.ayxbk.com/images/a/a2/Bkbsb.jpg
草部,蜀羊泉,http://www.a-hospital.com/w/%E6%9C%AC%E8%8D%89%E7%BA%B2%E7%9B%AE/%E8%9C%80%E7%BE%8A%E6%B3%89,http://p.ayxbk.com/images/9/92/Bkf4i.jpg
草部,败酱,http://www.a-hospital.com/w/%E6%9C%AC%E8%8D%89%E7%BA%B2%E7%9B%AE/%E8%B4%A5%E9%85%B1,http://p.ayxbk.com/images/thumb/d/df/Bk5b8.jpg/220px-Bk5b8.jpg
草部,款冬花,http://www.a-hospital.com/w/%E6%9C%AC%E8%8D%89%E7%BA%B2%E7%9B%AE/%E6%AC%BE%E5%86%AC%E8%8A%B1,http://p.ayxbk.com/images/e/e8/Bk2et.jpg
草部,鼠曲草,http://www.a-hospital.com/w/%E6%9C%AC%E8%8D%89%E7%BA%B2%E7%9B%AE/%E9%BC%A0%E6%9B%B2%E8%8D%89,http://p.ayxbk.com/images/thumb/1/17/Bk70x.jpg/220px-Bk70x.jpg
草部,决明,http://www.a-hospital.com/w/%E6%9C%AC%E8%8D%89%E7%BA%B2%E7%9B%AE/%E5%86%B3%E6%98%8E,
草部,地肤,http://www.a-hospital.com/w/%E6%9C%AC%E8%8D%89%E7%BA%B2%E7%9B%AE/%E5%9C%B0%E8%82%A4,
草部,瞿麦,http://www.a-hospital.com/w/%E6%9C%AC%E8%8D%89%E7%BA%B2%E7%9B%AE/%E7%9E%BF%E9%BA%A6,http://p.ayxbk.com/images/thumb/5/5d/Bk2a8.jpg/220px-Bk2a8.jpg
草部,王不留行,http://www.a-hospital.com/w/%E6%9C%AC%E8%8D%89%E7%BA%B2%E7%9B%AE/%E7%8E%8B%E4%B8%8D%E7%95%99%E8%A1%8C,http://p.ayxbk.com/images/thumb/8/89/Bk46s.jpg/220px-Bk46s.jpg
草部,葶苈,http://www.a-hospital.com/w/%E6%9C%AC%E8%8D%89%E7%BA%B2%E7%9B%AE/%E8%91%B6%E8%8B%88,http://p.ayxbk.com/images/thumb/d/da/Bkn21.jpg/220px-Bkn21.jpg
草部,车前,http://www.a-hospital.com/w/%E6%9C%AC%E8%8D%89%E7%BA%B2%E7%9B%AE/%E8%BD%A6%E5%89%8D,
草部,马鞭草,http://www.a-hospital.com/w/%E6%9C%AC%E8%8D%89%E7%BA%B2%E7%9B%AE/%E9%A9%AC%E9%9E%AD%E8%8D%89,http://p.ayxbk.com/images/7/7d/Bk2tf.jpg
草部,蛇含,http://www.a-hospital.com/w/%E6%9C%AC%E8%8D%89%E7%BA%B2%E7%9B%AE/%E8%9B%87%E5%90%AB,http://p.ayxbk.com/images/thumb/1/1e/Bkex1.jpg/220px-Bkex1.jpg
草部,鳢肠,http://www.a-hospital.com/w/%E6%9C%AC%E8%8D%89%E7%BA%B2%E7%9B%AE/%E9%B3%A2%E8%82%A0,
草部,连翘,http://www.a-hospital.com/w/%E6%9C%AC%E8%8D%89%E7%BA%B2%E7%9B%AE/%E8%BF%9E%E7%BF%98,http://p.ayxbk.com/images/thumb/f/f3/Bk2hd.jpg/220px-Bk2hd.jpg
草部,蒴翟,http://www.a-hospital.com/w/%E6%9C%AC%E8%8D%89%E7%BA%B2%E7%9B%AE/%E8%92%B4%E7%BF%9F,
草部,蓝,http://www.a-hospital.com/w/%E6%9C%AC%E8%8D%89%E7%BA%B2%E7%9B%AE/%E8%93%9D,
草部,蓝淀,http://www.a-hospital.com/w/%E6%9C%AC%E8%8D%89%E7%BA%B2%E7%9B%AE/%E8%93%9D%E6%B7%80,
草部,青黛,http://www.a-hospital.com/w/%E6%9C%AC%E8%8D%89%E7%BA%B2%E7%9B%AE/%E9%9D%92%E9%BB%9B,http://p.ayxbk.com/images/thumb/0/09/Bk3ce.jpg/220px-Bk3ce.jpg
草部,甘蓝,http://www.a-hospital.com/w/%E6%9C%AC%E8%8D%89%E7%BA%B2%E7%9B%AE/%E7%94%98%E8%93%9D,http://p.ayxbk.com/images/thumb/7/78/Bkcx5.jpg/220px-Bkcx5.jpg
草部,蓼,http://www.a-hospital.com/w/%E6%9C%AC%E8%8D%89%E7%BA%B2%E7%9B%AE/%E8%93%BC,
草部,水蓼,http://www.a-hospital.com/w/%E6%9C%AC%E8%8D%89%E7%BA%B2%E7%9B%AE/%E6%B0%B4%E8%93%BC,http://p.ayxbk.com/images/thumb/5/53/Bkf67.jpg/220px-Bkf67.jpg
草部,马蓼,http://www.a-hospital.com/w/%E6%9C%AC%E8%8D%89%E7%BA%B2%E7%9B%AE/%E9%A9%AC%E8%93%BC,http://p.ayxbk.com/images/thumb/d/de/Bke43.jpg/220px-Bke43.jpg
草部,荭草,http://www.a-hospital.com/w/%E6%9C%AC%E8%8D%89%E7%BA%B2%E7%9B%AE/%E8%8D%AD%E8%8D%89,http://p.ayxbk.com/images/thumb/2/29/Bkn0e.jpg/220px-Bkn0e.jpg
草部,虎杖,http://www.a-hospital.com/w/%E6%9C%AC%E8%8D%89%E7%BA%B2%E7%9B%AE/%E8%99%8E%E6%9D%96,http://p.ayxbk.com/images/thumb/4/47/Bk1t6.jpg/220px-Bk1t6.jpg
草部,匾蓄,http://www.a-hospital.com/w/%E6%9C%AC%E8%8D%89%E7%BA%B2%E7%9B%AE/%E5%8C%BE%E8%93%84,
草部,蒺藜,http://www.a-hospital.com/w/%E6%9C%AC%E8%8D%89%E7%BA%B2%E7%9B%AE/%E8%92%BA%E8%97%9C,http://p.ayxbk.com/images/4/4d/Bk20a.jpg
草部,谷精草,http://www.a-hospital.com/w/%E6%9C%AC%E8%8D%89%E7%BA%B2%E7%9B%AE/%E8%B0%B7%E7%B2%BE%E8%8D%89,http://p.ayxbk.com/images/thumb/e/e3/Bkcku.jpg/220px-Bkcku.jpg
草部,海金沙,http://www.a-hospital.com/w/%E6%9C%AC%E8%8D%89%E7%BA%B2%E7%9B%AE/%E6%B5%B7%E9%87%91%E6%B2%99,http://p.ayxbk.com/images/thumb/e/e0/Bk1nv.jpg/220px-Bk1nv.jpg
草部,半边莲,http://www.a-hospital.com/w/%E6%9C%AC%E8%8D%89%E7%BA%B2%E7%9B%AE/%E5%8D%8A%E8%BE%B9%E8%8E%B2,
草部,紫花地丁,http://www.a-hospital.com/w/%E6%9C%AC%E8%8D%89%E7%BA%B2%E7%9B%AE/%E7%B4%AB%E8%8A%B1%E5%9C%B0%E4%B8%81,http://p.ayxbk.com/images/thumb/2/25/Bk57n.jpg/220px-Bk57n.jpg
草部,见肿消,http://www.a-hospital.com/w/%E6%9C%AC%E8%8D%89%E7%BA%B2%E7%9B%AE/%E8%A7%81%E8%82%BF%E6%B6%88,
草部,大黄,http://www.a-hospital.com/w/%E6%9C%AC%E8%8D%89%E7%BA%B2%E7%9B%AE/%E5%A4%A7%E9%BB%84,http://p.ayxbk.com/images/thumb/5/56/Bk0wq.jpg/220px-Bk0wq.jpg
草部,商陆,http://www.a-hospital.com/w/%E6%9C%AC%E8%8D%89%E7%BA%B2%E7%9B%AE/%E5%95%86%E9%99%86,http://p.ayxbk.com/images/thumb/f/fa/Bk3n6.jpg/220px-Bk3n6.jpg
草部,狼毒,http://www.a-hospital.com/w/%E6%9C%AC%E8%8D%89%E7%BA%B2%E7%9B%AE/%E7%8B%BC%E6%AF%92,http://p.ayxbk.com/images/thumb/5/5f/Bkdtr.jpg/220px-Bkdtr.jpg
草部,防葵,http://www.a-hospital.com/w/%E6%9C%AC%E8%8D%89%E7%BA%B2%E7%9B%AE/%E9%98%B2%E8%91%B5,
草部,狼牙,http://www.a-hospital.com/w/%E6%9C%AC%E8%8D%89%E7%BA%B2%E7%9B%AE/%E7%8B%BC%E7%89%99,
草部,闾茹,http://www.a-hospital.com/w/%E6%9C%AC%E8%8D%89%E7%BA%B2%E7%9B%AE/%E9%97%BE%E8%8C%B9,
草部,大戟,http://www.a-hospital.com/w/%E6%9C%AC%E8%8D%89%E7%BA%B2%E7%9B%AE/%E5%A4%A7%E6%88%9F,http://p.ayxbk.com/images/thumb/e/e8/Bkbga.jpg/220px-Bkbga.jpg
草部,泽漆,http://www.a-hospital.com/w/%E6%9C%AC%E8%8D%89%E7%BA%B2%E7%9B%AE/%E6%B3%BD%E6%BC%86,http://p.ayxbk.com/images/9/9d/Bkgad.jpg
草部,甘遂,http://www.a-hospital.com/w/%E6%9C%AC%E8%8D%89%E7%BA%B2%E7%9B%AE/%E7%94%98%E9%81%82,http://p.ayxbk.com/images/thumb/9/96/Bk1fn.jpg/220px-Bk1fn.jpg
草部,续随子,http://www.a-hospital.com/w/%E6%9C%AC%E8%8D%89%E7%BA%B2%E7%9B%AE/%E7%BB%AD%E9%9A%8F%E5%AD%90,
草部,莨菪,http://www.a-hospital.com/w/%E6%9C%AC%E8%8D%89%E7%BA%B2%E7%9B%AE/%E8%8E%A8%E8%8F%AA,http://p.ayxbk.com/images/5/57/Bk5nw.jpg
草部,蓖麻,http://www.a-hospital.com/w/%E6%9C%AC%E8%8D%89%E7%BA%B2%E7%9B%AE/%E8%93%96%E9%BA%BB,http://p.ayxbk.com/images/d/dc/Bkn2g.jpg
草部,蜀漆,http://www.a-hospital.com/w/%E6%9C%AC%E8%8D%89%E7%BA%B2%E7%9B%AE/%E8%9C%80%E6%BC%86,http://p.ayxbk.com/images/c/c1/Bkf4g.jpg
草部,藜芦,http://www.a-hospital.com/w/%E6%9C%AC%E8%8D%89%E7%BA%B2%E7%9B%AE/%E8%97%9C%E8%8A%A6,http://p.ayxbk.com/images/thumb/c/cb/Bkdux.jpg/220px-Bkdux.jpg
草部,附子,http://www.a-hospital.com/w/%E6%9C%AC%E8%8D%89%E7%BA%B2%E7%9B%AE/%E9%99%84%E5%AD%90,http://p.ayxbk.com/images/thumb/a/ab/Bk0vg.jpg/220px-Bk0vg.jpg
草部,天雄,http://www.a-hospital.com/w/%E6%9C%AC%E8%8D%89%E7%BA%B2%E7%9B%AE/%E5%A4%A9%E9%9B%84,http://p.ayxbk.com/images/9/9a/Bkbst.jpg
草部,侧子,http://www.a-hospital.com/w/%E6%9C%AC%E8%8D%89%E7%BA%B2%E7%9B%AE/%E4%BE%A7%E5%AD%90,
草部,漏篮子,http://www.a-hospital.com/w/%E6%9C%AC%E8%8D%89%E7%BA%B2%E7%9B%AE/%E6%BC%8F%E7%AF%AE%E5%AD%90,
草部,乌头,http://www.a-hospital.com/w/%E6%9C%AC%E8%8D%89%E7%BA%B2%E7%9B%AE/%E4%B9%8C%E5%A4%B4,
草部,白附子,http://www.a-hospital.com/w/%E6%9C%AC%E8%8D%89%E7%BA%B2%E7%9B%AE/%E7%99%BD%E9%99%84%E5%AD%90,
草部,虎掌,http://www.a-hospital.com/w/%E6%9C%AC%E8%8D%89%E7%BA%B2%E7%9B%AE/%E8%99%8E%E6%8E%8C,
草部,局箬,http://www.a-hospital.com/w/%E6%9C%AC%E8%8D%89%E7%BA%B2%E7%9B%AE/%E5%B1%80%E7%AE%AC,
草部,半夏,http://www.a-hospital.com/w/%E6%9C%AC%E8%8D%89%E7%BA%B2%E7%9B%AE/%E5%8D%8A%E5%A4%8F,http://p.ayxbk.com/images/thumb/a/af/Bk0c3.jpg/220px-Bk0c3.jpg
草部,蚤休,http://www.a-hospital.com/w/%E6%9C%AC%E8%8D%89%E7%BA%B2%E7%9B%AE/%E8%9A%A4%E4%BC%91,http://p.ayxbk.com/images/7/70/Bkg9v.jpg
草部,鬼臼,http://www.a-hospital.com/w/%E6%9C%AC%E8%8D%89%E7%BA%B2%E7%9B%AE/%E9%AC%BC%E8%87%BC,http://p.ayxbk.com/images/2/20/Bknb1.jpg
草部,射干,http://www.a-hospital.com/w/%E6%9C%AC%E8%8D%89%E7%BA%B2%E7%9B%AE/%E5%B0%84%E5%B9%B2,http://p.ayxbk.com/images/thumb/2/27/Bk3nf.jpg/220px-Bk3nf.jpg
草部,玉簪,http://www.a-hospital.com/w/%E6%9C%AC%E8%8D%89%E7%BA%B2%E7%9B%AE/%E7%8E%89%E7%B0%AA,http://p.ayxbk.com/images/thumb/2/25/Bkg73.jpg/220px-Bkg73.jpg
草部,凤仙,http://www.a-hospital.com/w/%E6%9C%AC%E8%8D%89%E7%BA%B2%E7%9B%AE/%E5%87%A4%E4%BB%99,http://p.ayxbk.com/images/thumb/3/31/Bkmd6.jpg/220px-Bkmd6.jpg
草部,坐拿草,http://www.a-hospital.com/w/%E6%9C%AC%E8%8D%89%E7%BA%B2%E7%9B%AE/%E5%9D%90%E6%8B%BF%E8%8D%89,
草部,曼陀罗花,http://www.a-hospital.com/w/%E6%9C%AC%E8%8D%89%E7%BA%B2%E7%9B%AE/%E6%9B%BC%E9%99%80%E7%BD%97%E8%8A%B1,
草部,羊踯躅,http://www.a-hospital.com/w/%E6%9C%AC%E8%8D%89%E7%BA%B2%E7%9B%AE/%E7%BE%8A%E8%B8%AF%E8%BA%85,
草部,芫花,http://www.a-hospital.com/w/%E6%9C%AC%E8%8D%89%E7%BA%B2%E7%9B%AE/%E8%8A%AB%E8%8A%B1,http://p.ayxbk.com/images/thumb/7/7c/Bk4ld.jpg/220px-Bk4ld.jpg
草部,莽草,http://www.a-hospital.com/w/%E6%9C%AC%E8%8D%89%E7%BA%B2%E7%9B%AE/%E8%8E%BD%E8%8D%89,http://p.ayxbk.com/images/thumb/5/5c/Bkbno.jpg/220px-Bkbno.jpg
草部,茵芋,http://www.a-hospital.com/w/%E6%9C%AC%E8%8D%89%E7%BA%B2%E7%9B%AE/%E8%8C%B5%E8%8A%8B,http://p.ayxbk.com/images/thumb/3/30/Bkn0b.jpg/220px-Bkn0b.jpg
草部,石龙芮,http://www.a-hospital.com/w/%E6%9C%AC%E8%8D%89%E7%BA%B2%E7%9B%AE/%E7%9F%B3%E9%BE%99%E8%8A%AE,http://p.ayxbk.com/images/thumb/f/f9/Bkb4j.jpg/220px-Bkb4j.jpg
草部,钩吻,http://www.a-hospital.com/w/%E6%9C%AC%E8%8D%89%E7%BA%B2%E7%9B%AE/%E9%92%A9%E5%90%BB,http://p.ayxbk.com/images/thumb/b/b8/Bkbhl.jpg/220px-Bkbhl.jpg
草部,菟丝子,http://www.a-hospital.com/w/%E6%9C%AC%E8%8D%89%E7%BA%B2%E7%9B%AE/%E8%8F%9F%E4%B8%9D%E5%AD%90,http://p.ayxbk.com/images/thumb/2/2e/Bkn0v.jpg/220px-Bkn0v.jpg
草部,覆盆子,http://www.a-hospital.com/w/%E6%9C%AC%E8%8D%89%E7%BA%B2%E7%9B%AE/%E8%A6%86%E7%9B%86%E5%AD%90,http://p.ayxbk.com/images/thumb/1/1d/Bkmw8.jpg/220px-Bkmw8.jpg
草部,使君子,http://www.a-hospital.com/w/%E6%9C%AC%E8%8D%89%E7%BA%B2%E7%9B%AE/%E4%BD%BF%E5%90%9B%E5%AD%90,http://p.ayxbk.com/images/e/ec/Bkmbu.jpg
草部,木鳖子,http://www.a-hospital.com/w/%E6%9C%AC%E8%8D%89%E7%BA%B2%E7%9B%AE/%E6%9C%A8%E9%B3%96%E5%AD%90,http://p.ayxbk.com/images/thumb/1/15/Bk2zm.jpg/220px-Bk2zm.jpg
草部,番木鳖,http://www.a-hospital.com/w/%E6%9C%AC%E8%8D%89%E7%BA%B2%E7%9B%AE/%E7%95%AA%E6%9C%A8%E9%B3%96,
草部,马兜铃,http://www.a-hospital.com/w/%E6%9C%AC%E8%8D%89%E7%BA%B2%E7%9B%AE/%E9%A9%AC%E5%85%9C%E9%93%83,http://p.ayxbk.com/images/thumb/b/be/Bk2tl.jpg/220px-Bk2tl.jpg
草部,盍藤子,http://www.a-hospital.com/w/%E6%9C%AC%E8%8D%89%E7%BA%B2%E7%9B%AE/%E7%9B%8D%E8%97%A4%E5%AD%90,
草部,预知子,http://www.a-hospital.com/w/%E6%9C%AC%E8%8D%89%E7%BA%B2%E7%9B%AE/%E9%A2%84%E7%9F%A5%E5%AD%90,http://p.ayxbk.com/images/thumb/3/30/Bk4xr.jpg/220px-Bk4xr.jpg
草部,牵牛子,http://www.a-hospital.com/w/%E6%9C%AC%E8%8D%89%E7%BA%B2%E7%9B%AE/%E7%89%B5%E7%89%9B%E5%AD%90,http://p.ayxbk.com/images/thumb/a/a7/Bkbdu.jpg/220px-Bkbdu.jpg
草部,旋花,http://www.a-hospital.com/w/%E6%9C%AC%E8%8D%89%E7%BA%B2%E7%9B%AE/%E6%97%8B%E8%8A%B1,http://p.ayxbk.com/images/thumb/1/1d/Bkmix.jpg/220px-Bkmix.jpg
草部,紫葳,http://www.a-hospital.com/w/%E6%9C%AC%E8%8D%89%E7%BA%B2%E7%9B%AE/%E7%B4%AB%E8%91%B3,
草部,营实墙蘼,http://www.a-hospital.com/w/%E6%9C%AC%E8%8D%89%E7%BA%B2%E7%9B%AE/%E8%90%A5%E5%AE%9E%E5%A2%99%E8%98%BC,
草部,月季花,http://www.a-hospital.com/w/%E6%9C%AC%E8%8D%89%E7%BA%B2%E7%9B%AE/%E6%9C%88%E5%AD%A3%E8%8A%B1,
草部,栝楼,http://www.a-hospital.com/w/%E6%9C%AC%E8%8D%89%E7%BA%B2%E7%9B%AE/%E6%A0%9D%E6%A5%BC,http://p.ayxbk.com/images/thumb/2/20/Bkds3.jpg/220px-Bkds3.jpg
草部,王瓜,http://www.a-hospital.com/w/%E6%9C%AC%E8%8D%89%E7%BA%B2%E7%9B%AE/%E7%8E%8B%E7%93%9C,http://p.ayxbk.com/images/thumb/1/1d/Bkfl3.jpg/220px-Bkfl3.jpg
草部,葛,http://www.a-hospital.com/w/%E6%9C%AC%E8%8D%89%E7%BA%B2%E7%9B%AE/%E8%91%9B,
草部,天门冬,http://www.a-hospital.com/w/%E6%9C%AC%E8%8D%89%E7%BA%B2%E7%9B%AE/%E5%A4%A9%E9%97%A8%E5%86%AC,http://p.ayxbk.com/images/0/0e/Bkfej.jpg
草部,百部,http://www.a-hospital.com/w/%E6%9C%AC%E8%8D%89%E7%BA%B2%E7%9B%AE/%E7%99%BE%E9%83%A8,http://p.ayxbk.com/images/thumb/4/46/Bkmf5.jpg/220px-Bkmf5.jpg
草部,何首乌,http://www.a-hospital.com/w/%E6%9C%AC%E8%8D%89%E7%BA%B2%E7%9B%AE/%E4%BD%95%E9%A6%96%E4%B9%8C,http://p.ayxbk.com/images/thumb/9/97/Bk1pj.jpg/220px-Bk1pj.jpg
草部,萆解,http://www.a-hospital.com/w/%E6%9C%AC%E8%8D%89%E7%BA%B2%E7%9B%AE/%E8%90%86%E8%A7%A3,
草部,菝葜,http://www.a-hospital.com/w/%E6%9C%AC%E8%8D%89%E7%BA%B2%E7%9B%AE/%E8%8F%9D%E8%91%9C,http://p.ayxbk.com/images/thumb/f/fb/Bk06u.jpg/220px-Bk06u.jpg
草部,土茯苓,http://www.a-hospital.com/w/%E6%9C%AC%E8%8D%89%E7%BA%B2%E7%9B%AE/%E5%9C%9F%E8%8C%AF%E8%8B%93,http://p.ayxbk.com/images/thumb/8/8a/Bk45o.jpg/220px-Bk45o.jpg
草部,白蔹,http://www.a-hospital.com/w/%E6%9C%AC%E8%8D%89%E7%BA%B2%E7%9B%AE/%E7%99%BD%E8%94%B9,http://p.ayxbk.com/images/thumb/1/14/Bkmex.jpg/220px-Bkmex.jpg
草部,山豆根,http://www.a-hospital.com/w/%E6%9C%AC%E8%8D%89%E7%BA%B2%E7%9B%AE/%E5%B1%B1%E8%B1%86%E6%A0%B9,http://p.ayxbk.com/images/thumb/b/bd/Bk3m8.jpg/220px-Bk3m8.jpg
草部,黄药子,http://www.a-hospital.com/w/%E6%9C%AC%E8%8D%89%E7%BA%B2%E7%9B%AE/%E9%BB%84%E8%8D%AF%E5%AD%90,http://p.ayxbk.com/images/thumb/8/87/Bk6vz.jpg/220px-Bk6vz.jpg
草部,白药子,http://www.a-hospital.com/w/%E6%9C%AC%E8%8D%89%E7%BA%B2%E7%9B%AE/%E7%99%BD%E8%8D%AF%E5%AD%90,http://p.ayxbk.com/images/5/57/Bk703.jpg
草部,威灵仙,http://www.a-hospital.com/w/%E6%9C%AC%E8%8D%89%E7%BA%B2%E7%9B%AE/%E5%A8%81%E7%81%B5%E4%BB%99,http://p.ayxbk.com/images/thumb/a/ab/Bkmgf.jpg/220px-Bkmgf.jpg
草部,茜草,http://www.a-hospital.com/w/%E6%9C%AC%E8%8D%89%E7%BA%B2%E7%9B%AE/%E8%8C%9C%E8%8D%89,http://p.ayxbk.com/images/thumb/8/84/Bkn0a.jpg/220px-Bkn0a.jpg
草部,防己,http://www.a-hospital.com/w/%E6%9C%AC%E8%8D%89%E7%BA%B2%E7%9B%AE/%E9%98%B2%E5%B7%B1,http://p.ayxbk.com/images/8/8d/Bk181.jpg
草部,通草,http://www.a-hospital.com/w/%E6%9C%AC%E8%8D%89%E7%BA%B2%E7%9B%AE/%E9%80%9A%E8%8D%89,
草部,通脱木,http://www.a-hospital.com/w/%E6%9C%AC%E8%8D%89%E7%BA%B2%E7%9B%AE/%E9%80%9A%E8%84%B1%E6%9C%A8,
草部,钩藤,http://www.a-hospital.com/w/%E6%9C%AC%E8%8D%89%E7%BA%B2%E7%9B%AE/%E9%92%A9%E8%97%A4,http://p.ayxbk.com/images/thumb/f/ff/Bk1j1.jpg/220px-Bk1j1.jpg
草部,白英,http://www.a-hospital.com/w/%E6%9C%AC%E8%8D%89%E7%BA%B2%E7%9B%AE/%E7%99%BD%E8%8B%B1,http://p.ayxbk.com/images/thumb/f/f7/Bkms7.jpg/220px-Bkms7.jpg
草部,乌蔹莓,http://www.a-hospital.com/w/%E6%9C%AC%E8%8D%89%E7%BA%B2%E7%9B%AE/%E4%B9%8C%E8%94%B9%E8%8E%93,http://p.ayxbk.com/images/thumb/c/c9/Bkfq0.jpg/220px-Bkfq0.jpg
草部,律草,http://www.a-hospital.com/w/%E6%9C%AC%E8%8D%89%E7%BA%B2%E7%9B%AE/%E5%BE%8B%E8%8D%89,http://p.ayxbk.com/images/thumb/4/40/Bke2a.jpg/220px-Bke2a.jpg
草部,络石,http://www.a-hospital.com/w/%E6%9C%AC%E8%8D%89%E7%BA%B2%E7%9B%AE/%E7%BB%9C%E7%9F%B3,
草部,木莲,http://www.a-hospital.com/w/%E6%9C%AC%E8%8D%89%E7%BA%B2%E7%9B%AE/%E6%9C%A8%E8%8E%B2,http://p.ayxbk.com/images/thumb/a/a1/Bkeao.jpg/220px-Bkeao.jpg
草部,忍冬,http://www.a-hospital.com/w/%E6%9C%AC%E8%8D%89%E7%BA%B2%E7%9B%AE/%E5%BF%8D%E5%86%AC,
草部,藤类概述,http://www.a-hospital.com/w/%E6%9C%AC%E8%8D%89%E7%BA%B2%E7%9B%AE/%E8%97%A4%E7%B1%BB%E6%A6%82%E8%BF%B0,
草部,泽泻,http://www.a-hospital.com/w/%E6%9C%AC%E8%8D%89%E7%BA%B2%E7%9B%AE/%E6%B3%BD%E6%B3%BB,http://p.ayxbk.com/images/6/68/Bk4zr.jpg
草部,羊蹄,http://www.a-hospital.com/w/%E6%9C%AC%E8%8D%89%E7%BA%B2%E7%9B%AE/%E7%BE%8A%E8%B9%84,http://p.ayxbk.com/images/thumb/9/9c/Bkhil.jpg/220px-Bkhil.jpg
草部,酸模,http://www.a-hospital.com/w/%E6%9C%AC%E8%8D%89%E7%BA%B2%E7%9B%AE/%E9%85%B8%E6%A8%A1,http://p.ayxbk.com/images/thumb/4/4b/Bk3vp.jpg/220px-Bk3vp.jpg
草部,菖蒲,http://www.a-hospital.com/w/%E6%9C%AC%E8%8D%89%E7%BA%B2%E7%9B%AE/%E8%8F%96%E8%92%B2,
草部,菰,http://www.a-hospital.com/w/%E6%9C%AC%E8%8D%89%E7%BA%B2%E7%9B%AE/%E8%8F%B0,
草部,水萍,http://www.a-hospital.com/w/%E6%9C%AC%E8%8D%89%E7%BA%B2%E7%9B%AE/%E6%B0%B4%E8%90%8D,
草部,苹,http://www.a-hospital.com/w/%E6%9C%AC%E8%8D%89%E7%BA%B2%E7%9B%AE/%E8%8B%B9,http://p.ayxbk.com/images/thumb/2/2e/Bkn06.jpg/220px-Bkn06.jpg
草部,萍蓬草,http://www.a-hospital.com/w/%E6%9C%AC%E8%8D%89%E7%BA%B2%E7%9B%AE/%E8%90%8D%E8%93%AC%E8%8D%89,http://p.ayxbk.com/images/thumb/0/0e/Bkn10.jpg/220px-Bkn10.jpg
草部,水藻,http://www.a-hospital.com/w/%E6%9C%AC%E8%8D%89%E7%BA%B2%E7%9B%AE/%E6%B0%B4%E8%97%BB,
草部,海藻,http://www.a-hospital.com/w/%E6%9C%AC%E8%8D%89%E7%BA%B2%E7%9B%AE/%E6%B5%B7%E8%97%BB,http://p.ayxbk.com/images/thumb/8/82/Bk1oo.jpg/220px-Bk1oo.jpg
草部,昆布,http://www.a-hospital.com/w/%E6%9C%AC%E8%8D%89%E7%BA%B2%E7%9B%AE/%E6%98%86%E5%B8%83,
草部,石斛,http://www.a-hospital.com/w/%E6%9C%AC%E8%8D%89%E7%BA%B2%E7%9B%AE/%E7%9F%B3%E6%96%9B,
草部,骨碎补,http://www.a-hospital.com/w/%E6%9C%AC%E8%8D%89%E7%BA%B2%E7%9B%AE/%E9%AA%A8%E7%A2%8E%E8%A1%A5,http://p.ayxbk.com/images/f/fc/Bk1kp.jpg
草部,石韦,http://www.a-hospital.com/w/%E6%9C%AC%E8%8D%89%E7%BA%B2%E7%9B%AE/%E7%9F%B3%E9%9F%A6,http://p.ayxbk.com/images/thumb/7/75/Bk3rc.jpg/220px-Bk3rc.jpg
草部,金星草,http://www.a-hospital.com/w/%E6%9C%AC%E8%8D%89%E7%BA%B2%E7%9B%AE/%E9%87%91%E6%98%9F%E8%8D%89,http://p.ayxbk.com/images/thumb/2/26/Bkdkb.jpg/220px-Bkdkb.jpg
草部,景天,http://www.a-hospital.com/w/%E6%9C%AC%E8%8D%89%E7%BA%B2%E7%9B%AE/%E6%99%AF%E5%A4%A9,http://p.ayxbk.com/images/thumb/5/59/Bkdmw.jpg/220px-Bkdmw.jpg
草部,虎耳草,http://www.a-hospital.com/w/%E6%9C%AC%E8%8D%89%E7%BA%B2%E7%9B%AE/%E8%99%8E%E8%80%B3%E8%8D%89,http://p.ayxbk.com/images/thumb/1/15/Bkn3s.jpg/220px-Bkn3s.jpg
草部,石胡荽,http://www.a-hospital.com/w/%E6%9C%AC%E8%8D%89%E7%BA%B2%E7%9B%AE/%E7%9F%B3%E8%83%A1%E8%8D%BD,
草部,螺旋草,http://www.a-hospital.com/w/%E6%9C%AC%E8%8D%89%E7%BA%B2%E7%9B%AE/%E8%9E%BA%E6%97%8B%E8%8D%89,
草部,酢浆草,http://www.a-hospital.com/w/%E6%9C%AC%E8%8D%89%E7%BA%B2%E7%9B%AE/%E9%85%A2%E6%B5%86%E8%8D%89,http://p.ayxbk.com/images/thumb/3/3d/Bkcgy.jpg/220px-Bkcgy.jpg
草部,地锦,http://www.a-hospital.com/w/%E6%9C%AC%E8%8D%89%E7%BA%B2%E7%9B%AE/%E5%9C%B0%E9%94%A6,http://p.ayxbk.com/images/thumb/3/3e/Bkbgh.jpg/220px-Bkbgh.jpg
草部,陟厘,http://www.a-hospital.com/w/%E6%9C%AC%E8%8D%89%E7%BA%B2%E7%9B%AE/%E9%99%9F%E5%8E%98,
草部,昨叶何草,http://www.a-hospital.com/w/%E6%9C%AC%E8%8D%89%E7%BA%B2%E7%9B%AE/%E6%98%A8%E5%8F%B6%E4%BD%95%E8%8D%89,
草部,土马,http://www.a-hospital.com/w/%E6%9C%AC%E8%8D%89%E7%BA%B2%E7%9B%AE/%E5%9C%9F%E9%A9%AC,
草部,卷柏,http://www.a-hospital.com/w/%E6%9C%AC%E8%8D%89%E7%BA%B2%E7%9B%AE/%E5%8D%B7%E6%9F%8F,http://p.ayxbk.com/images/thumb/1/19/Bk2a9.jpg/220px-Bk2a9.jpg
草部,石松,http://www.a-hospital.com/w/%E6%9C%AC%E8%8D%89%E7%BA%B2%E7%9B%AE/%E7%9F%B3%E6%9D%BE,
草部,马勃,http://www.a-hospital.com/w/%E6%9C%AC%E8%8D%89%E7%BA%B2%E7%9B%AE/%E9%A9%AC%E5%8B%83,http://p.ayxbk.com/images/thumb/8/89/Bk2tg.jpg/220px-Bk2tg.jpg
木部,柏,http://www.a-hospital.com/w/%E6%9C%AC%E8%8D%89%E7%BA%B2%E7%9B%AE/%E6%9F%8F,
木部,丁香,http://www.a-hospital.com/w/%E6%9C%AC%E8%8D%89%E7%BA%B2%E7%9B%AE/%E4%B8%81%E9%A6%99,http://p.ayxbk.com/images/thumb/1/11/Bk12p.jpg/220px-Bk12p.jpg
木部,松,http://www.a-hospital.com/w/%E6%9C%AC%E8%8D%89%E7%BA%B2%E7%9B%AE/%E6%9D%BE,
木部,杉,http://www.a-hospital.com/w/%E6%9C%AC%E8%8D%89%E7%BA%B2%E7%9B%AE/%E6%9D%89,
木部,桂,http://www.a-hospital.com/w/%E6%9C%AC%E8%8D%89%E7%BA%B2%E7%9B%AE/%E6%A1%82,
木部,木兰,http://www.a-hospital.com/w/%E6%9C%AC%E8%8D%89%E7%BA%B2%E7%9B%AE/%E6%9C%A8%E5%85%B0,
木部,辛夷,http://www.a-hospital.com/w/%E6%9C%AC%E8%8D%89%E7%BA%B2%E7%9B%AE/%E8%BE%9B%E5%A4%B7,http://p.ayxbk.com/images/e/e0/Bkn7x.jpg
木部,降真香,http://www.a-hospital.com/w/%E6%9C%AC%E8%8D%89%E7%BA%B2%E7%9B%AE/%E9%99%8D%E7%9C%9F%E9%A6%99,http://p.ayxbk.com/images/thumb/a/a5/Bkn9x.jpg/220px-Bkn9x.jpg
木部,楠,http://www.a-hospital.com/w/%E6%9C%AC%E8%8D%89%E7%BA%B2%E7%9B%AE/%E6%A5%A0,
木部,樟,http://www.a-hospital.com/w/%E6%9C%AC%E8%8D%89%E7%BA%B2%E7%9B%AE/%E6%A8%9F,http://p.ayxbk.com/images/thumb/6/64/Bkmmr.jpg/220px-Bkmmr.jpg
木部,钓樟,http://www.a-hospital.com/w/%E6%9C%AC%E8%8D%89%E7%BA%B2%E7%9B%AE/%E9%92%93%E6%A8%9F,
木部,枫香脂,http://www.a-hospital.com/w/%E6%9C%AC%E8%8D%89%E7%BA%B2%E7%9B%AE/%E6%9E%AB%E9%A6%99%E8%84%82,http://p.ayxbk.com/images/thumb/2/2e/Bk19m.jpg/220px-Bk19m.jpg
木部,熏陆香,http://www.a-hospital.com/w/%E6%9C%AC%E8%8D%89%E7%BA%B2%E7%9B%AE/%E7%86%8F%E9%99%86%E9%A6%99,
木部,没药,http://www.a-hospital.com/w/%E6%9C%AC%E8%8D%89%E7%BA%B2%E7%9B%AE/%E6%B2%A1%E8%8D%AF,http://p.ayxbk.com/images/thumb/f/fe/Bkmnr.jpg/220px-Bkmnr.jpg
木部,骐竭,http://www.a-hospital.com/w/%E6%9C%AC%E8%8D%89%E7%BA%B2%E7%9B%AE/%E9%AA%90%E7%AB%AD,
木部,安息香,http://www.a-hospital.com/w/%E6%9C%AC%E8%8D%89%E7%BA%B2%E7%9B%AE/%E5%AE%89%E6%81%AF%E9%A6%99,
木部,龙脑香,http://www.a-hospital.com/w/%E6%9C%AC%E8%8D%89%E7%BA%B2%E7%9B%AE/%E9%BE%99%E8%84%91%E9%A6%99,
木部,樟脑,http://www.a-hospital.com/w/%E6%9C%AC%E8%8D%89%E7%BA%B2%E7%9B%AE/%E6%A8%9F%E8%84%91,http://p.ayxbk.com/images/6/6a/Bkkwg.jpg
木部,檀香,http://www.a-hospital.com/w/%E6%9C%AC%E8%8D%89%E7%BA%B2%E7%9B%AE/%E6%AA%80%E9%A6%99,http://p.ayxbk.com/images/thumb/4/4d/Bk3wn.jpg/220px-Bk3wn.jpg
木部,芦荟,http://www.a-hospital.com/w/%E6%9C%AC%E8%8D%89%E7%BA%B2%E7%9B%AE/%E8%8A%A6%E8%8D%9F,http://p.ayxbk.com/images/thumb/0/04/Bk2or.jpg/220px-Bk2or.jpg
木部,乌木,http://www.a-hospital.com/w/%E6%9C%AC%E8%8D%89%E7%BA%B2%E7%9B%AE/%E4%B9%8C%E6%9C%A8,
木部,苏方木,http://www.a-hospital.com/w/%E6%9C%AC%E8%8D%89%E7%BA%B2%E7%9B%AE/%E8%8B%8F%E6%96%B9%E6%9C%A8,
木部,芜荑,http://www.a-hospital.com/w/%E6%9C%AC%E8%8D%89%E7%BA%B2%E7%9B%AE/%E8%8A%9C%E8%8D%91,http://p.ayxbk.com/images/thumb/8/87/Bkfp4.jpg/220px-Bkfp4.jpg
木部,榆,http://www.a-hospital.com/w/%E6%9C%AC%E8%8D%89%E7%BA%B2%E7%9B%AE/%E6%A6%86,
木部,白杨,http://www.a-hospital.com/w/%E6%9C%AC%E8%8D%89%E7%BA%B2%E7%9B%AE/%E7%99%BD%E6%9D%A8,
木部,水杨,http://www.a-hospital.com/w/%E6%9C%AC%E8%8D%89%E7%BA%B2%E7%9B%AE/%E6%B0%B4%E6%9D%A8,
木部,树柳,http://www.a-hospital.com/w/%E6%9C%AC%E8%8D%89%E7%BA%B2%E7%9B%AE/%E6%A0%91%E6%9F%B3,
木部,柳,http://www.a-hospital.com/w/%E6%9C%AC%E8%8D%89%E7%BA%B2%E7%9B%AE/%E6%9F%B3,
木部,榉,http://www.a-hospital.com/w/%E6%9C%AC%E8%8D%89%E7%BA%B2%E7%9B%AE/%E6%A6%89,
木部,诃黎勒,http://www.a-hospital.com/w/%E6%9C%AC%E8%8D%89%E7%BA%B2%E7%9B%AE/%E8%AF%83%E9%BB%8E%E5%8B%92,
木部,无患子,http://www.a-hospital.com/w/%E6%9C%AC%E8%8D%89%E7%BA%B2%E7%9B%AE/%E6%97%A0%E6%82%A3%E5%AD%90,http://p.ayxbk.com/images/thumb/7/75/Bke9z.jpg/220px-Bke9z.jpg
木部,肥筇荚,http://www.a-hospital.com/w/%E6%9C%AC%E8%8D%89%E7%BA%B2%E7%9B%AE/%E8%82%A5%E7%AD%87%E8%8D%9A,
木部,皂荚,http://www.a-hospital.com/w/%E6%9C%AC%E8%8D%89%E7%BA%B2%E7%9B%AE/%E7%9A%82%E8%8D%9A,http://p.ayxbk.com/images/thumb/0/0f/Bkg9x.jpg/220px-Bkg9x.jpg
木部,合欢,http://www.a-hospital.com/w/%E6%9C%AC%E8%8D%89%E7%BA%B2%E7%9B%AE/%E5%90%88%E6%AC%A2,
木部,秦皮,http://www.a-hospital.com/w/%E6%9C%AC%E8%8D%89%E7%BA%B2%E7%9B%AE/%E7%A7%A6%E7%9A%AE,http://p.ayxbk.com/images/thumb/7/7a/Bk3cd.jpg/220px-Bk3cd.jpg
木部,槐,http://www.a-hospital.com/w/%E6%9C%AC%E8%8D%89%E7%BA%B2%E7%9B%AE/%E6%A7%90,
木部,楝,http://www.a-hospital.com/w/%E6%9C%AC%E8%8D%89%E7%BA%B2%E7%9B%AE/%E6%A5%9D,
木部,海桐,http://www.a-hospital.com/w/%E6%9C%AC%E8%8D%89%E7%BA%B2%E7%9B%AE/%E6%B5%B7%E6%A1%90,
木部,罂子桐,http://www.a-hospital.com/w/%E6%9C%AC%E8%8D%89%E7%BA%B2%E7%9B%AE/%E7%BD%82%E5%AD%90%E6%A1%90,
木部,梧桐,http://www.a-hospital.com/w/%E6%9C%AC%E8%8D%89%E7%BA%B2%E7%9B%AE/%E6%A2%A7%E6%A1%90,http://p.ayxbk.com/images/thumb/a/a3/Bkmm8.jpg/220px-Bkmm8.jpg
木部,桐,http://www.a-hospital.com/w/%E6%9C%AC%E8%8D%89%E7%BA%B2%E7%9B%AE/%E6%A1%90,
木部,楸,http://www.a-hospital.com/w/%E6%9C%AC%E8%8D%89%E7%BA%B2%E7%9B%AE/%E6%A5%B8,
木部,漆,http://www.a-hospital.com/w/%E6%9C%AC%E8%8D%89%E7%BA%B2%E7%9B%AE/%E6%BC%86,
木部,椿樗,http://www.a-hospital.com/w/%E6%9C%AC%E8%8D%89%E7%BA%B2%E7%9B%AE/%E6%A4%BF%E6%A8%97,
木部,杜仲,http://www.a-hospital.com/w/%E6%9C%AC%E8%8D%89%E7%BA%B2%E7%9B%AE/%E6%9D%9C%E4%BB%B2,http://p.ayxbk.com/images/thumb/b/ba/Bk14u.jpg/220px-Bk14u.jpg
木部,厚朴,http://www.a-hospital.com/w/%E6%9C%AC%E8%8D%89%E7%BA%B2%E7%9B%AE/%E5%8E%9A%E6%9C%B4,http://p.ayxbk.com/images/thumb/7/7c/Bk1sf.jpg/220px-Bk1sf.jpg
木部,小蘖,http://www.a-hospital.com/w/%E6%9C%AC%E8%8D%89%E7%BA%B2%E7%9B%AE/%E5%B0%8F%E8%98%96,
木部,檀,http://www.a-hospital.com/w/%E6%9C%AC%E8%8D%89%E7%BA%B2%E7%9B%AE/%E6%AA%80,
木部,蘖木,http://www.a-hospital.com/w/%E6%9C%AC%E8%8D%89%E7%BA%B2%E7%9B%AE/%E8%98%96%E6%9C%A8,
木部,桦木,http://www.a-hospital.com/w/%E6%9C%AC%E8%8D%89%E7%BA%B2%E7%9B%AE/%E6%A1%A6%E6%9C%A8,
木部,棕榈,http://www.a-hospital.com/w/%E6%9C%AC%E8%8D%89%E7%BA%B2%E7%9B%AE/%E6%A3%95%E6%A6%88,
木部,乌臼木,http://www.a-hospital.com/w/%E6%9C%AC%E8%8D%89%E7%BA%B2%E7%9B%AE/%E4%B9%8C%E8%87%BC%E6%9C%A8,
木部,巴豆,http://www.a-hospital.com/w/%E6%9C%AC%E8%8D%89%E7%BA%B2%E7%9B%AE/%E5%B7%B4%E8%B1%86,http://p.ayxbk.com/images/thumb/e/e6/Bkmht.jpg/220px-Bkmht.jpg
木部,大风子,http://www.a-hospital.com/w/%E6%9C%AC%E8%8D%89%E7%BA%B2%E7%9B%AE/%E5%A4%A7%E9%A3%8E%E5%AD%90,http://p.ayxbk.com/images/thumb/d/de/Bk6vs.jpg/220px-Bk6vs.jpg
木部,阿魏,http://www.a-hospital.com/w/%E6%9C%AC%E8%8D%89%E7%BA%B2%E7%9B%AE/%E9%98%BF%E9%AD%8F,
木部,相思子,http://www.a-hospital.com/w/%E6%9C%AC%E8%8D%89%E7%BA%B2%E7%9B%AE/%E7%9B%B8%E6%80%9D%E5%AD%90,http://p.ayxbk.com/images/thumb/5/50/Bkjmt.jpg/220px-Bkjmt.jpg
木部,桑,http://www.a-hospital.com/w/%E6%9C%AC%E8%8D%89%E7%BA%B2%E7%9B%AE/%E6%A1%91,
木部,柘,http://www.a-hospital.com/w/%E6%9C%AC%E8%8D%89%E7%BA%B2%E7%9B%AE/%E6%9F%98,
木部,楮,http://www.a-hospital.com/w/%E6%9C%AC%E8%8D%89%E7%BA%B2%E7%9B%AE/%E6%A5%AE,
木部,枸橘,http://www.a-hospital.com/w/%E6%9C%AC%E8%8D%89%E7%BA%B2%E7%9B%AE/%E6%9E%B8%E6%A9%98,http://p.ayxbk.com/images/f/f2/Bkczq.jpg
木部,栀子,http://www.a-hospital.com/w/%E6%9C%AC%E8%8D%89%E7%BA%B2%E7%9B%AE/%E6%A0%80%E5%AD%90,http://p.ayxbk.com/images/thumb/8/8a/Bk519.jpg/220px-Bk519.jpg
木部,酸枣,http://www.a-hospital.com/w/%E6%9C%AC%E8%8D%89%E7%BA%B2%E7%9B%AE/%E9%85%B8%E6%9E%A3,
木部,白棘,http://www.a-hospital.com/w/%E6%9C%AC%E8%8D%89%E7%BA%B2%E7%9B%AE/%E7%99%BD%E6%A3%98,
木部,蕤核,http://www.a-hospital.com/w/%E6%9C%AC%E8%8D%89%E7%BA%B2%E7%9B%AE/%E8%95%A4%E6%A0%B8,http://p.ayxbk.com/images/6/60/Bkn2q.jpg
木部,山茱萸,http://www.a-hospital.com/w/%E6%9C%AC%E8%8D%89%E7%BA%B2%E7%9B%AE/%E5%B1%B1%E8%8C%B1%E8%90%B8,http://p.ayxbk.com/images/thumb/c/cd/Bkmhb.jpg/220px-Bkmhb.jpg
木部,胡颓子,http://www.a-hospital.com/w/%E6%9C%AC%E8%8D%89%E7%BA%B2%E7%9B%AE/%E8%83%A1%E9%A2%93%E5%AD%90,http://p.ayxbk.com/images/thumb/c/c0/Bkd75.jpg/220px-Bkd75.jpg
木部,金樱子,http://www.a-hospital.com/w/%E6%9C%AC%E8%8D%89%E7%BA%B2%E7%9B%AE/%E9%87%91%E6%A8%B1%E5%AD%90,http://p.ayxbk.com/images/thumb/2/26/Bk279.jpg/220px-Bk279.jpg
木部,郁李,http://www.a-hospital.com/w/%E6%9C%AC%E8%8D%89%E7%BA%B2%E7%9B%AE/%E9%83%81%E6%9D%8E,
木部,鼠李,http://www.a-hospital.com/w/%E6%9C%AC%E8%8D%89%E7%BA%B2%E7%9B%AE/%E9%BC%A0%E6%9D%8E,http://p.ayxbk.com/images/f/fa/Bkf49.jpg
木部,女贞,http://www.a-hospital.com/w/%E6%9C%AC%E8%8D%89%E7%BA%B2%E7%9B%AE/%E5%A5%B3%E8%B4%9E,
木部,冬青,http://www.a-hospital.com/w/%E6%9C%AC%E8%8D%89%E7%BA%B2%E7%9B%AE/%E5%86%AC%E9%9D%92,
木部,枸骨,http://www.a-hospital.com/w/%E6%9C%AC%E8%8D%89%E7%BA%B2%E7%9B%AE/%E6%9E%B8%E9%AA%A8,
木部,卫矛,http://www.a-hospital.com/w/%E6%9C%AC%E8%8D%89%E7%BA%B2%E7%9B%AE/%E5%8D%AB%E7%9F%9B,http://p.ayxbk.com/images/thumb/6/6e/Bkmeg.jpg/220px-Bkmeg.jpg
木部,南烛,http://www.a-hospital.com/w/%E6%9C%AC%E8%8D%89%E7%BA%B2%E7%9B%AE/%E5%8D%97%E7%83%9B,http://p.ayxbk.com/images/7/78/Bkmef.jpg
木部,五加,http://www.a-hospital.com/w/%E6%9C%AC%E8%8D%89%E7%BA%B2%E7%9B%AE/%E4%BA%94%E5%8A%A0,
木部,枸杞、地骨皮,http://www.a-hospital.com/w/%E6%9C%AC%E8%8D%89%E7%BA%B2%E7%9B%AE/%E6%9E%B8%E6%9D%9E%E3%80%81%E5%9C%B0%E9%AA%A8%E7%9A%AE,
木部,石南,http://www.a-hospital.com/w/%E6%9C%AC%E8%8D%89%E7%BA%B2%E7%9B%AE/%E7%9F%B3%E5%8D%97,http://p.ayxbk.com/images/d/d0/Bkf1k.jpg
木部,牡荆,http://www.a-hospital.com/w/%E6%9C%AC%E8%8D%89%E7%BA%B2%E7%9B%AE/%E7%89%A1%E8%8D%86,http://p.ayxbk.com/images/4/41/Bk5sd.jpg
木部,紫荆,http://www.a-hospital.com/w/%E6%9C%AC%E8%8D%89%E7%BA%B2%E7%9B%AE/%E7%B4%AB%E8%8D%86,
木部,木槿,http://www.a-hospital.com/w/%E6%9C%AC%E8%8D%89%E7%BA%B2%E7%9B%AE/%E6%9C%A8%E6%A7%BF,http://p.ayxbk.com/images/a/a8/Bkmjb.jpg
木部,木芙蓉,http://www.a-hospital.com/w/%E6%9C%AC%E8%8D%89%E7%BA%B2%E7%9B%AE/%E6%9C%A8%E8%8A%99%E8%93%89,http://p.ayxbk.com/images/thumb/3/32/Bkb0d.jpg/220px-Bkb0d.jpg
木部,接骨木,http://www.a-hospital.com/w/%E6%9C%AC%E8%8D%89%E7%BA%B2%E7%9B%AE/%E6%8E%A5%E9%AA%A8%E6%9C%A8,http://p.ayxbk.com/images/2/2a/Bkdhr.jpg
木部,茯苓,http://www.a-hospital.com/w/%E6%9C%AC%E8%8D%89%E7%BA%B2%E7%9B%AE/%E8%8C%AF%E8%8B%93,http://p.ayxbk.com/images/e/e7/Bk0ub.jpg
木部,琥珀,http://www.a-hospital.com/w/%E6%9C%AC%E8%8D%89%E7%BA%B2%E7%9B%AE/%E7%90%A5%E7%8F%80,http://p.ayxbk.com/images/thumb/c/ca/Bk1tm.jpg/220px-Bk1tm.jpg
木部,猪苓,http://www.a-hospital.com/w/%E6%9C%AC%E8%8D%89%E7%BA%B2%E7%9B%AE/%E7%8C%AA%E8%8B%93,http://p.ayxbk.com/images/thumb/7/7c/Bk53v.jpg/220px-Bk53v.jpg
木部,雷丸,http://www.a-hospital.com/w/%E6%9C%AC%E8%8D%89%E7%BA%B2%E7%9B%AE/%E9%9B%B7%E4%B8%B8,http://p.ayxbk.com/images/8/82/Bk2ga.jpg
木部,桑上寄生,http://www.a-hospital.com/w/%E6%9C%AC%E8%8D%89%E7%BA%B2%E7%9B%AE/%E6%A1%91%E4%B8%8A%E5%AF%84%E7%94%9F,
木部,竹,http://www.a-hospital.com/w/%E6%9C%AC%E8%8D%89%E7%BA%B2%E7%9B%AE/%E7%AB%B9,
木部,竹黄,http://www.a-hospital.com/w/%E6%9C%AC%E8%8D%89%E7%BA%B2%E7%9B%AE/%E7%AB%B9%E9%BB%84,http://p.ayxbk.com/images/thumb/b/bc/Bkbxm.jpg/220px-Bkbxm.jpg
土部,白垩,http://www.a-hospital.com/w/%E6%9C%AC%E8%8D%89%E7%BA%B2%E7%9B%AE/%E7%99%BD%E5%9E%A9,
土部,黄土,http://www.a-hospital.com/w/%E6%9C%AC%E8%8D%89%E7%BA%B2%E7%9B%AE/%E9%BB%84%E5%9C%9F,http://p.ayxbk.com/images/thumb/1/13/Bkndm.jpg/220px-Bkndm.jpg
土部,东壁土,http://www.a-hospital.com/w/%E6%9C%AC%E8%8D%89%E7%BA%B2%E7%9B%AE/%E4%B8%9C%E5%A3%81%E5%9C%9F,
土部,胡燕窠土,http://www.a-hospital.com/w/%E6%9C%AC%E8%8D%89%E7%BA%B2%E7%9B%AE/%E8%83%A1%E7%87%95%E7%AA%A0%E5%9C%9F,
土部,土蜂窠,http://www.a-hospital.com/w/%E6%9C%AC%E8%8D%89%E7%BA%B2%E7%9B%AE/%E5%9C%9F%E8%9C%82%E7%AA%A0,
土部,蜣螂转丸,http://www.a-hospital.com/w/%E6%9C%AC%E8%8D%89%E7%BA%B2%E7%9B%AE/%E8%9C%A3%E8%9E%82%E8%BD%AC%E4%B8%B8,
土部,蚁垤土,http://www.a-hospital.com/w/%E6%9C%AC%E8%8D%89%E7%BA%B2%E7%9B%AE/%E8%9A%81%E5%9E%A4%E5%9C%9F,
土部,白蚁泥,http://www.a-hospital.com/w/%E6%9C%AC%E8%8D%89%E7%BA%B2%E7%9B%AE/%E7%99%BD%E8%9A%81%E6%B3%A5,
土部,蚯蚓泥,http://www.a-hospital.com/w/%E6%9C%AC%E8%8D%89%E7%BA%B2%E7%9B%AE/%E8%9A%AF%E8%9A%93%E6%B3%A5,
土部,乌爹泥,http://www.a-hospital.com/w/%E6%9C%AC%E8%8D%89%E7%BA%B2%E7%9B%AE/%E4%B9%8C%E7%88%B9%E6%B3%A5,
土部,伏龙肝,http://www.a-hospital.com/w/%E6%9C%AC%E8%8D%89%E7%BA%B2%E7%9B%AE/%E4%BC%8F%E9%BE%99%E8%82%9D,http://p.ayxbk.com/images/thumb/a/a2/Bk72i.jpg/220px-Bk72i.jpg
土部,土墼,http://www.a-hospital.com/w/%E6%9C%AC%E8%8D%89%E7%BA%B2%E7%9B%AE/%E5%9C%9F%E5%A2%BC,
土部,白瓷器,http://www.a-hospital.com/w/%E6%9C%AC%E8%8D%89%E7%BA%B2%E7%9B%AE/%E7%99%BD%E7%93%B7%E5%99%A8,
土部,乌古瓦,http://www.a-hospital.com/w/%E6%9C%AC%E8%8D%89%E7%BA%B2%E7%9B%AE/%E4%B9%8C%E5%8F%A4%E7%93%A6,
土部,古砖,http://www.a-hospital.com/w/%E6%9C%AC%E8%8D%89%E7%BA%B2%E7%9B%AE/%E5%8F%A4%E7%A0%96,
土部,烟胶,http://www.a-hospital.com/w/%E6%9C%AC%E8%8D%89%E7%BA%B2%E7%9B%AE/%E7%83%9F%E8%83%B6,http://p.ayxbk.com/images/7/70/Bkmoj.jpg
土部,墨,http://www.a-hospital.com/w/%E6%9C%AC%E8%8D%89%E7%BA%B2%E7%9B%AE/%E5%A2%A8,
土部,釜脐墨,http://www.a-hospital.com/w/%E6%9C%AC%E8%8D%89%E7%BA%B2%E7%9B%AE/%E9%87%9C%E8%84%90%E5%A2%A8,
土部,百草霜,http://www.a-hospital.com/w/%E6%9C%AC%E8%8D%89%E7%BA%B2%E7%9B%AE/%E7%99%BE%E8%8D%89%E9%9C%9C,
土部,锻灶灰,http://www.a-hospital.com/w/%E6%9C%AC%E8%8D%89%E7%BA%B2%E7%9B%AE/%E9%94%BB%E7%81%B6%E7%81%B0,
土部,梁上尘,http://www.a-hospital.com/w/%E6%9C%AC%E8%8D%89%E7%BA%B2%E7%9B%AE/%E6%A2%81%E4%B8%8A%E5%B0%98,
火部,炭火,http://www.a-hospital.com/w/%E6%9C%AC%E8%8D%89%E7%BA%B2%E7%9B%AE/%E7%82%AD%E7%81%AB,
火部,艾火,http://www.a-hospital.com/w/%E6%9C%AC%E8%8D%89%E7%BA%B2%E7%9B%AE/%E8%89%BE%E7%81%AB,
火部,针火,http://www.a-hospital.com/w/%E6%9C%AC%E8%8D%89%E7%BA%B2%E7%9B%AE/%E9%92%88%E7%81%AB,
火部,灯火,http://www.a-hospital.com/w/%E6%9C%AC%E8%8D%89%E7%BA%B2%E7%9B%AE/%E7%81%AF%E7%81%AB,
火部,神针火,http://www.a-hospital.com/w/%E6%9C%AC%E8%8D%89%E7%BA%B2%E7%9B%AE/%E7%A5%9E%E9%92%88%E7%81%AB,
谷部,胡麻,http://www.a-hospital.com/w/%E6%9C%AC%E8%8D%89%E7%BA%B2%E7%9B%AE/%E8%83%A1%E9%BA%BB,
谷部,大麻,http://www.a-hospital.com/w/%E6%9C%AC%E8%8D%89%E7%BA%B2%E7%9B%AE/%E5%A4%A7%E9%BA%BB,
谷部,小麦,http://www.a-hospital.com/w/%E6%9C%AC%E8%8D%89%E7%BA%B2%E7%9B%AE/%E5%B0%8F%E9%BA%A6,http://p.ayxbk.com/images/thumb/8/8d/Bkbub.jpg/220px-Bkbub.jpg
谷部,大麦,http://www.a-hospital.com/w/%E6%9C%AC%E8%8D%89%E7%BA%B2%E7%9B%AE/%E5%A4%A7%E9%BA%A6,http://p.ayxbk.com/images/thumb/9/94/Bkcjb.jpg/220px-Bkcjb.jpg
谷部,雀麦,http://www.a-hospital.com/w/%E6%9C%AC%E8%8D%89%E7%BA%B2%E7%9B%AE/%E9%9B%80%E9%BA%A6,
谷部,荞麦,http://www.a-hospital.com/w/%E6%9C%AC%E8%8D%89%E7%BA%B2%E7%9B%AE/%E8%8D%9E%E9%BA%A6,http://p.ayxbk.com/images/thumb/6/66/Bkem0.jpg/220px-Bkem0.jpg
谷部,稻,http://www.a-hospital.com/w/%E6%9C%AC%E8%8D%89%E7%BA%B2%E7%9B%AE/%E7%A8%BB,
谷部,粳,http://www.a-hospital.com/w/%E6%9C%AC%E8%8D%89%E7%BA%B2%E7%9B%AE/%E7%B2%B3,
谷部,籼,http://www.a-hospital.com/w/%E6%9C%AC%E8%8D%89%E7%BA%B2%E7%9B%AE/%E7%B1%BC,
谷部,稷,http://www.a-hospital.com/w/%E6%9C%AC%E8%8D%89%E7%BA%B2%E7%9B%AE/%E7%A8%B7,
谷部,黍,http://www.a-hospital.com/w/%E6%9C%AC%E8%8D%89%E7%BA%B2%E7%9B%AE/%E9%BB%8D,
谷部,蜀黍,http://www.a-hospital.com/w/%E6%9C%AC%E8%8D%89%E7%BA%B2%E7%9B%AE/%E8%9C%80%E9%BB%8D,
谷部,玉蜀黍,http://www.a-hospital.com/w/%E6%9C%AC%E8%8D%89%E7%BA%B2%E7%9B%AE/%E7%8E%89%E8%9C%80%E9%BB%8D,
谷部,粱,http://www.a-hospital.com/w/%E6%9C%AC%E8%8D%89%E7%BA%B2%E7%9B%AE/%E7%B2%B1,
谷部,粟,http://www.a-hospital.com/w/%E6%9C%AC%E8%8D%89%E7%BA%B2%E7%9B%AE/%E7%B2%9F,
谷部,参子,http://www.a-hospital.com/w/%E6%9C%AC%E8%8D%89%E7%BA%B2%E7%9B%AE/%E5%8F%82%E5%AD%90,
谷部,稗,http://www.a-hospital.com/w/%E6%9C%AC%E8%8D%89%E7%BA%B2%E7%9B%AE/%E7%A8%97,
谷部,薏苡仁,http://www.a-hospital.com/w/%E6%9C%AC%E8%8D%89%E7%BA%B2%E7%9B%AE/%E8%96%8F%E8%8B%A1%E4%BB%81,
谷部,罂子粟,http://www.a-hospital.com/w/%E6%9C%AC%E8%8D%89%E7%BA%B2%E7%9B%AE/%E7%BD%82%E5%AD%90%E7%B2%9F,
谷部,阿芙蓉,http://www.a-hospital.com/w/%E6%9C%AC%E8%8D%89%E7%BA%B2%E7%9B%AE/%E9%98%BF%E8%8A%99%E8%93%89,
谷部,大豆,http://www.a-hospital.com/w/%E6%9C%AC%E8%8D%89%E7%BA%B2%E7%9B%AE/%E5%A4%A7%E8%B1%86,
谷部,黄大豆,http://www.a-hospital.com/w/%E6%9C%AC%E8%8D%89%E7%BA%B2%E7%9B%AE/%E9%BB%84%E5%A4%A7%E8%B1%86,
谷部,赤小豆,http://www.a-hospital.com/w/%E6%9C%AC%E8%8D%89%E7%BA%B2%E7%9B%AE/%E8%B5%A4%E5%B0%8F%E8%B1%86,http://p.ayxbk.com/images/thumb/0/0a/Bk0p0.jpg/220px-Bk0p0.jpg
谷部,绿豆,http://www.a-hospital.com/w/%E6%9C%AC%E8%8D%89%E7%BA%B2%E7%9B%AE/%E7%BB%BF%E8%B1%86,http://p.ayxbk.com/images/6/6a/Bkhhq.jpg
谷部,豌豆,http://www.a-hospital.com/w/%E6%9C%AC%E8%8D%89%E7%BA%B2%E7%9B%AE/%E8%B1%8C%E8%B1%86,http://p.ayxbk.com/images/thumb/9/94/Bkn6z.jpg/220px-Bkn6z.jpg
谷部,蚕豆,http://www.a-hospital.com/w/%E6%9C%AC%E8%8D%89%E7%BA%B2%E7%9B%AE/%E8%9A%95%E8%B1%86,http://p.ayxbk.com/images/thumb/f/f4/Bkc80.jpg/220px-Bkc80.jpg
谷部,豇豆,http://www.a-hospital.com/w/%E6%9C%AC%E8%8D%89%E7%BA%B2%E7%9B%AE/%E8%B1%87%E8%B1%86,http://p.ayxbk.com/images/thumb/7/77/Bkdgv.jpg/220px-Bkdgv.jpg
谷部,扁豆,http://www.a-hospital.com/w/%E6%9C%AC%E8%8D%89%E7%BA%B2%E7%9B%AE/%E6%89%81%E8%B1%86,http://p.ayxbk.com/images/thumb/1/1f/Bk0fa.jpg/220px-Bk0fa.jpg
谷部,刀豆,http://www.a-hospital.com/w/%E6%9C%AC%E8%8D%89%E7%BA%B2%E7%9B%AE/%E5%88%80%E8%B1%86,http://p.ayxbk.com/images/thumb/0/01/Bk0z7.jpg/220px-Bk0z7.jpg
谷部,大豆豉,http://www.a-hospital.com/w/%E6%9C%AC%E8%8D%89%E7%BA%B2%E7%9B%AE/%E5%A4%A7%E8%B1%86%E8%B1%89,
谷部,豆腐,http://www.a-hospital.com/w/%E6%9C%AC%E8%8D%89%E7%BA%B2%E7%9B%AE/%E8%B1%86%E8%85%90,http://p.ayxbk.com/images/thumb/2/24/Bkcor.jpg/220px-Bkcor.jpg
谷部,蒸饼,http://www.a-hospital.com/w/%E6%9C%AC%E8%8D%89%E7%BA%B2%E7%9B%AE/%E8%92%B8%E9%A5%BC,
谷部,曲,http://www.a-hospital.com/w/%E6%9C%AC%E8%8D%89%E7%BA%B2%E7%9B%AE/%E6%9B%B2,
谷部,神曲,http://www.a-hospital.com/w/%E6%9C%AC%E8%8D%89%E7%BA%B2%E7%9B%AE/%E7%A5%9E%E6%9B%B2,
谷部,红曲,http://www.a-hospital.com/w/%E6%9C%AC%E8%8D%89%E7%BA%B2%E7%9B%AE/%E7%BA%A2%E6%9B%B2,http://p.ayxbk.com/images/thumb/e/ea/Bkd5n.jpg/220px-Bkd5n.jpg
谷部,蘖米,http://www.a-hospital.com/w/%E6%9C%AC%E8%8D%89%E7%BA%B2%E7%9B%AE/%E8%98%96%E7%B1%B3,
谷部,饴糖,http://www.a-hospital.com/w/%E6%9C%AC%E8%8D%89%E7%BA%B2%E7%9B%AE/%E9%A5%B4%E7%B3%96,http://p.ayxbk.com/images/e/e8/Bk63t.jpg
谷部,酱,http://www.a-hospital.com/w/%E6%9C%AC%E8%8D%89%E7%BA%B2%E7%9B%AE/%E9%85%B1,
谷部,醋,http://www.a-hospital.com/w/%E6%9C%AC%E8%8D%89%E7%BA%B2%E7%9B%AE/%E9%86%8B,http://p.ayxbk.com/images/thumb/2/23/Bkn8r.jpg/220px-Bkn8r.jpg
谷部,酒,http://www.a-hospital.com/w/%E6%9C%AC%E8%8D%89%E7%BA%B2%E7%9B%AE/%E9%85%92,
谷部,烧酒,http://www.a-hospital.com/w/%E6%9C%AC%E8%8D%89%E7%BA%B2%E7%9B%AE/%E7%83%A7%E9%85%92,
谷部,糟,http://www.a-hospital.com/w/%E6%9C%AC%E8%8D%89%E7%BA%B2%E7%9B%AE/%E7%B3%9F,
果部,李,http://www.a-hospital.com/w/%E6%9C%AC%E8%8D%89%E7%BA%B2%E7%9B%AE/%E6%9D%8E,
果部,杏,http://www.a-hospital.com/w/%E6%9C%AC%E8%8D%89%E7%BA%B2%E7%9B%AE/%E6%9D%8F,
果部,巴旦杏,http://www.a-hospital.com/w/%E6%9C%AC%E8%8D%89%E7%BA%B2%E7%9B%AE/%E5%B7%B4%E6%97%A6%E6%9D%8F,
果部,梅,http://www.a-hospital.com/w/%E6%9C%AC%E8%8D%89%E7%BA%B2%E7%9B%AE/%E6%A2%85,http://p.ayxbk.com/images/thumb/0/01/Bkmm5.jpg/220px-Bkmm5.jpg
果部,榔梅,http://www.a-hospital.com/w/%E6%9C%AC%E8%8D%89%E7%BA%B2%E7%9B%AE/%E6%A6%94%E6%A2%85,
果部,桃,http://www.a-hospital.com/w/%E6%9C%AC%E8%8D%89%E7%BA%B2%E7%9B%AE/%E6%A1%83,
果部,栗,http://www.a-hospital.com/w/%E6%9C%AC%E8%8D%89%E7%BA%B2%E7%9B%AE/%E6%A0%97,http://p.ayxbk.com/images/a/ac/Bkml7.jpg
果部,乌芋,http://www.a-hospital.com/w/%E6%9C%AC%E8%8D%89%E7%BA%B2%E7%9B%AE/%E4%B9%8C%E8%8A%8B,
果部,梨,http://www.a-hospital.com/w/%E6%9C%AC%E8%8D%89%E7%BA%B2%E7%9B%AE/%E6%A2%A8,http://p.ayxbk.com/images/thumb/8/82/Bkmmc.jpg/220px-Bkmmc.jpg
果部,木瓜,http://www.a-hospital.com/w/%E6%9C%AC%E8%8D%89%E7%BA%B2%E7%9B%AE/%E6%9C%A8%E7%93%9C,http://p.ayxbk.com/images/thumb/6/6a/Bk2zv.jpg/220px-Bk2zv.jpg
果部,楂子,http://www.a-hospital.com/w/%E6%9C%AC%E8%8D%89%E7%BA%B2%E7%9B%AE/%E6%A5%82%E5%AD%90,
果部,枣,http://www.a-hospital.com/w/%E6%9C%AC%E8%8D%89%E7%BA%B2%E7%9B%AE/%E6%9E%A3,
果部,山楂,http://www.a-hospital.com/w/%E6%9C%AC%E8%8D%89%E7%BA%B2%E7%9B%AE/%E5%B1%B1%E6%A5%82,http://p.ayxbk.com/images/thumb/e/ee/Bk5dy.jpg/220px-Bk5dy.jpg
果部,林檎,http://www.a-hospital.com/w/%E6%9C%AC%E8%8D%89%E7%BA%B2%E7%9B%AE/%E6%9E%97%E6%AA%8E,http://p.ayxbk.com/images/thumb/6/61/Bk5i7.jpg/220px-Bk5i7.jpg
果部,柿,http://www.a-hospital.com/w/%E6%9C%AC%E8%8D%89%E7%BA%B2%E7%9B%AE/%E6%9F%BF,http://p.ayxbk.com/images/thumb/d/d2/Bkmkz.jpg/220px-Bkmkz.jpg
果部,榲柏,http://www.a-hospital.com/w/%E6%9C%AC%E8%8D%89%E7%BA%B2%E7%9B%AE/%E6%A6%B2%E6%9F%8F,
果部,橘,http://www.a-hospital.com/w/%E6%9C%AC%E8%8D%89%E7%BA%B2%E7%9B%AE/%E6%A9%98,http://p.ayxbk.com/images/thumb/9/9a/Bkmn4.jpg/220px-Bkmn4.jpg
果部,柑,http://www.a-hospital.com/w/%E6%9C%AC%E8%8D%89%E7%BA%B2%E7%9B%AE/%E6%9F%91,http://p.ayxbk.com/images/a/a9/Bkmkq.jpg
果部,橙,http://www.a-hospital.com/w/%E6%9C%AC%E8%8D%89%E7%BA%B2%E7%9B%AE/%E6%A9%99,
果部,安石榴,http://www.a-hospital.com/w/%E6%9C%AC%E8%8D%89%E7%BA%B2%E7%9B%AE/%E5%AE%89%E7%9F%B3%E6%A6%B4,
果部,枸橼,http://www.a-hospital.com/w/%E6%9C%AC%E8%8D%89%E7%BA%B2%E7%9B%AE/%E6%9E%B8%E6%A9%BC,
果部,枇杷,http://www.a-hospital.com/w/%E6%9C%AC%E8%8D%89%E7%BA%B2%E7%9B%AE/%E6%9E%87%E6%9D%B7,http://p.ayxbk.com/images/thumb/6/66/Bklkb.jpg/220px-Bklkb.jpg
果部,杨梅,http://www.a-hospital.com/w/%E6%9C%AC%E8%8D%89%E7%BA%B2%E7%9B%AE/%E6%9D%A8%E6%A2%85,http://p.ayxbk.com/images/thumb/c/c1/Bkfza.jpg/220px-Bkfza.jpg
果部,柚,http://www.a-hospital.com/w/%E6%9C%AC%E8%8D%89%E7%BA%B2%E7%9B%AE/%E6%9F%9A,
果部,银杏,http://www.a-hospital.com/w/%E6%9C%AC%E8%8D%89%E7%BA%B2%E7%9B%AE/%E9%93%B6%E6%9D%8F,
果部,胡桃,http://www.a-hospital.com/w/%E6%9C%AC%E8%8D%89%E7%BA%B2%E7%9B%AE/%E8%83%A1%E6%A1%83,
果部,榛子,http://www.a-hospital.com/w/%E6%9C%AC%E8%8D%89%E7%BA%B2%E7%9B%AE/%E6%A6%9B%E5%AD%90,http://p.ayxbk.com/images/thumb/0/01/Bkgby.jpg/220px-Bkgby.jpg
果部,樱桃,http://www.a-hospital.com/w/%E6%9C%AC%E8%8D%89%E7%BA%B2%E7%9B%AE/%E6%A8%B1%E6%A1%83,http://p.ayxbk.com/images/thumb/7/74/Bkmms.jpg/220px-Bkmms.jpg
果部,橡实,http://www.a-hospital.com/w/%E6%9C%AC%E8%8D%89%E7%BA%B2%E7%9B%AE/%E6%A9%A1%E5%AE%9E,http://p.ayxbk.com/images/thumb/4/46/Bkmnb.jpg/220px-Bkmnb.jpg
果部,槲实,http://www.a-hospital.com/w/%E6%9C%AC%E8%8D%89%E7%BA%B2%E7%9B%AE/%E6%A7%B2%E5%AE%9E,
果部,荔枝,http://www.a-hospital.com/w/%E6%9C%AC%E8%8D%89%E7%BA%B2%E7%9B%AE/%E8%8D%94%E6%9E%9D,http://p.ayxbk.com/images/thumb/1/16/Bkdvq.jpg/220px-Bkdvq.jpg
果部,阿月浑子,http://www.a-hospital.com/w/%E6%9C%AC%E8%8D%89%E7%BA%B2%E7%9B%AE/%E9%98%BF%E6%9C%88%E6%B5%91%E5%AD%90,
果部,橄槛,http://www.a-hospital.com/w/%E6%9C%AC%E8%8D%89%E7%BA%B2%E7%9B%AE/%E6%A9%84%E6%A7%9B,
果部,榧实,http://www.a-hospital.com/w/%E6%9C%AC%E8%8D%89%E7%BA%B2%E7%9B%AE/%E6%A6%A7%E5%AE%9E,
果部,海松子,http://www.a-hospital.com/w/%E6%9C%AC%E8%8D%89%E7%BA%B2%E7%9B%AE/%E6%B5%B7%E6%9D%BE%E5%AD%90,http://p.ayxbk.com/images/thumb/6/6c/Bkmnx.jpg/220px-Bkmnx.jpg
果部,龙眼,http://www.a-hospital.com/w/%E6%9C%AC%E8%8D%89%E7%BA%B2%E7%9B%AE/%E9%BE%99%E7%9C%BC,http://p.ayxbk.com/images/thumb/c/c9/Bklj1.jpg/220px-Bklj1.jpg
果部,椰子,http://www.a-hospital.com/w/%E6%9C%AC%E8%8D%89%E7%BA%B2%E7%9B%AE/%E6%A4%B0%E5%AD%90,http://p.ayxbk.com/images/thumb/4/4d/Bkg04.jpg/220px-Bkg04.jpg
果部,波罗蜜,http://www.a-hospital.com/w/%E6%9C%AC%E8%8D%89%E7%BA%B2%E7%9B%AE/%E6%B3%A2%E7%BD%97%E8%9C%9C,
果部,无花果,http://www.a-hospital.com/w/%E6%9C%AC%E8%8D%89%E7%BA%B2%E7%9B%AE/%E6%97%A0%E8%8A%B1%E6%9E%9C,http://p.ayxbk.com/images/thumb/0/06/Bkfof.jpg/220px-Bkfof.jpg
果部,槟榔,http://www.a-hospital.com/w/%E6%9C%AC%E8%8D%89%E7%BA%B2%E7%9B%AE/%E6%A7%9F%E6%A6%94,http://p.ayxbk.com/images/thumb/0/05/Bk0fr.jpg/220px-Bk0fr.jpg
果部,枳,http://www.a-hospital.com/w/%E6%9C%AC%E8%8D%89%E7%BA%B2%E7%9B%AE/%E6%9E%B3,
果部,秦椒,http://www.a-hospital.com/w/%E6%9C%AC%E8%8D%89%E7%BA%B2%E7%9B%AE/%E7%A7%A6%E6%A4%92,
果部,蜀椒,http://www.a-hospital.com/w/%E6%9C%AC%E8%8D%89%E7%BA%B2%E7%9B%AE/%E8%9C%80%E6%A4%92,
果部,马槟榔,http://www.a-hospital.com/w/%E6%9C%AC%E8%8D%89%E7%BA%B2%E7%9B%AE/%E9%A9%AC%E6%A7%9F%E6%A6%94,
果部,毕澄茄,http://www.a-hospital.com/w/%E6%9C%AC%E8%8D%89%E7%BA%B2%E7%9B%AE/%E6%AF%95%E6%BE%84%E8%8C%84,
果部,茱萸,http://www.a-hospital.com/w/%E6%9C%AC%E8%8D%89%E7%BA%B2%E7%9B%AE/%E8%8C%B1%E8%90%B8,
果部,盐麸子,http://www.a-hospital.com/w/%E6%9C%AC%E8%8D%89%E7%BA%B2%E7%9B%AE/%E7%9B%90%E9%BA%B8%E5%AD%90,http://p.ayxbk.com/images/thumb/f/fb/Bkfx0.jpg/220px-Bkfx0.jpg
果部,胡椒,http://www.a-hospital.com/w/%E6%9C%AC%E8%8D%89%E7%BA%B2%E7%9B%AE/%E8%83%A1%E6%A4%92,http://p.ayxbk.com/images/a/a6/Bk1sk.jpg
果部,甜瓜,http://www.a-hospital.com/w/%E6%9C%AC%E8%8D%89%E7%BA%B2%E7%9B%AE/%E7%94%9C%E7%93%9C,http://p.ayxbk.com/images/thumb/4/4c/Bkfg0.jpg/220px-Bkfg0.jpg
果部,西瓜,http://www.a-hospital.com/w/%E6%9C%AC%E8%8D%89%E7%BA%B2%E7%9B%AE/%E8%A5%BF%E7%93%9C,http://p.ayxbk.com/images/thumb/a/a0/Bklh6.jpg/220px-Bklh6.jpg
果部,葡萄,http://www.a-hospital.com/w/%E6%9C%AC%E8%8D%89%E7%BA%B2%E7%9B%AE/%E8%91%A1%E8%90%84,http://p.ayxbk.com/images/thumb/7/72/Bkeip.jpg/220px-Bkeip.jpg
果部,茗,http://www.a-hospital.com/w/%E6%9C%AC%E8%8D%89%E7%BA%B2%E7%9B%AE/%E8%8C%97,
果部,猕猴桃,http://www.a-hospital.com/w/%E6%9C%AC%E8%8D%89%E7%BA%B2%E7%9B%AE/%E7%8C%95%E7%8C%B4%E6%A1%83,http://p.ayxbk.com/images/thumb/7/7d/Bklgs.jpg/220px-Bklgs.jpg
果部,甘蔗,http://www.a-hospital.com/w/%E6%9C%AC%E8%8D%89%E7%BA%B2%E7%9B%AE/%E7%94%98%E8%94%97,http://p.ayxbk.com/images/a/aa/Bkcxi.jpg
果部,沙糖,http://www.a-hospital.com/w/%E6%9C%AC%E8%8D%89%E7%BA%B2%E7%9B%AE/%E6%B2%99%E7%B3%96,
果部,婴奥,http://www.a-hospital.com/w/%E6%9C%AC%E8%8D%89%E7%BA%B2%E7%9B%AE/%E5%A9%B4%E5%A5%A5,
果部,莲藕,http://www.a-hospital.com/w/%E6%9C%AC%E8%8D%89%E7%BA%B2%E7%9B%AE/%E8%8E%B2%E8%97%95,
果部,芰实,http://www.a-hospital.com/w/%E6%9C%AC%E8%8D%89%E7%BA%B2%E7%9B%AE/%E8%8A%B0%E5%AE%9E,
果部,芡实,http://www.a-hospital.com/w/%E6%9C%AC%E8%8D%89%E7%BA%B2%E7%9B%AE/%E8%8A%A1%E5%AE%9E,http://p.ayxbk.com/images/thumb/6/6c/Bkmz8.jpg/220px-Bkmz8.jpg
果部,石蜜,http://www.a-hospital.com/w/%E6%9C%AC%E8%8D%89%E7%BA%B2%E7%9B%AE/%E7%9F%B3%E8%9C%9C,
果部,慈姑,http://www.a-hospital.com/w/%E6%9C%AC%E8%8D%89%E7%BA%B2%E7%9B%AE/%E6%85%88%E5%A7%91,
鳞部,龙,http://www.a-hospital.com/w/%E6%9C%AC%E8%8D%89%E7%BA%B2%E7%9B%AE/%E9%BE%99,
鳞部,吊,http://www.a-hospital.com/w/%E6%9C%AC%E8%8D%89%E7%BA%B2%E7%9B%AE/%E5%90%8A,
鳞部,鳄鱼,http://www.a-hospital.com/w/%E6%9C%AC%E8%8D%89%E7%BA%B2%E7%9B%AE/%E9%B3%84%E9%B1%BC,
鳞部,鲮鲤,http://www.a-hospital.com/w/%E6%9C%AC%E8%8D%89%E7%BA%B2%E7%9B%AE/%E9%B2%AE%E9%B2%A4,
鳞部,石龙子,http://www.a-hospital.com/w/%E6%9C%AC%E8%8D%89%E7%BA%B2%E7%9B%AE/%E7%9F%B3%E9%BE%99%E5%AD%90,http://p.ayxbk.com/images/1/13/Bkf1g.jpg
鳞部,守宫,http://www.a-hospital.com/w/%E6%9C%AC%E8%8D%89%E7%BA%B2%E7%9B%AE/%E5%AE%88%E5%AE%AB,
鳞部,蛤蚧,http://www.a-hospital.com/w/%E6%9C%AC%E8%8D%89%E7%BA%B2%E7%9B%AE/%E8%9B%A4%E8%9A%A7,http://p.ayxbk.com/images/thumb/0/04/Bk1ia.jpg/220px-Bk1ia.jpg
鳞部,蛇蜕,http://www.a-hospital.com/w/%E6%9C%AC%E8%8D%89%E7%BA%B2%E7%9B%AE/%E8%9B%87%E8%9C%95,http://p.ayxbk.com/images/b/b7/Bk3ne.jpg
鳞部,蚺蛇,http://www.a-hospital.com/w/%E6%9C%AC%E8%8D%89%E7%BA%B2%E7%9B%AE/%E8%9A%BA%E8%9B%87,
鳞部,白花蛇,http://www.a-hospital.com/w/%E6%9C%AC%E8%8D%89%E7%BA%B2%E7%9B%AE/%E7%99%BD%E8%8A%B1%E8%9B%87,http://p.ayxbk.com/images/thumb/0/0b/Bkamu.jpg/220px-Bkamu.jpg
鳞部,乌蛇,http://www.a-hospital.com/w/%E6%9C%AC%E8%8D%89%E7%BA%B2%E7%9B%AE/%E4%B9%8C%E8%9B%87,
鳞部,水蛇,http://www.a-hospital.com/w/%E6%9C%AC%E8%8D%89%E7%BA%B2%E7%9B%AE/%E6%B0%B4%E8%9B%87,http://p.ayxbk.com/images/4/4b/Bkf6v.jpg
鳞部,石首鱼,http://www.a-hospital.com/w/%E6%9C%AC%E8%8D%89%E7%BA%B2%E7%9B%AE/%E7%9F%B3%E9%A6%96%E9%B1%BC,http://p.ayxbk.com/images/thumb/1/18/Bkf21.jpg/220px-Bkf21.jpg
鳞部,鲥鱼,http://www.a-hospital.com/w/%E6%9C%AC%E8%8D%89%E7%BA%B2%E7%9B%AE/%E9%B2%A5%E9%B1%BC,http://p.ayxbk.com/images/thumb/b/b2/Bkf2s.jpg/220px-Bkf2s.jpg
鳞部,鲫鱼,http://www.a-hospital.com/w/%E6%9C%AC%E8%8D%89%E7%BA%B2%E7%9B%AE/%E9%B2%AB%E9%B1%BC,http://p.ayxbk.com/images/5/5c/Bkdf7.jpg
鳞部,鳜鱼,http://www.a-hospital.com/w/%E6%9C%AC%E8%8D%89%E7%BA%B2%E7%9B%AE/%E9%B3%9C%E9%B1%BC,
鳞部,金鱼,http://www.a-hospital.com/w/%E6%9C%AC%E8%8D%89%E7%BA%B2%E7%9B%AE/%E9%87%91%E9%B1%BC,http://p.ayxbk.com/images/thumb/2/27/Bkdks.jpg/220px-Bkdks.jpg
鳞部,鳢鱼,http://www.a-hospital.com/w/%E6%9C%AC%E8%8D%89%E7%BA%B2%E7%9B%AE/%E9%B3%A2%E9%B1%BC,
鳞部,鳗鲡鱼,http://www.a-hospital.com/w/%E6%9C%AC%E8%8D%89%E7%BA%B2%E7%9B%AE/%E9%B3%97%E9%B2%A1%E9%B1%BC,
鳞部,鳝鱼,http://www.a-hospital.com/w/%E6%9C%AC%E8%8D%89%E7%BA%B2%E7%9B%AE/%E9%B3%9D%E9%B1%BC,http://p.ayxbk.com/images/thumb/f/f4/Bknbl.jpg/220px-Bknbl.jpg
鳞部,鳅鱼,http://www.a-hospital.com/w/%E6%9C%AC%E8%8D%89%E7%BA%B2%E7%9B%AE/%E9%B3%85%E9%B1%BC,
鳞部,黄颡鱼,http://www.a-hospital.com/w/%E6%9C%AC%E8%8D%89%E7%BA%B2%E7%9B%AE/%E9%BB%84%E9%A2%A1%E9%B1%BC,http://p.ayxbk.com/images/thumb/c/cf/Bkdb6.jpg/220px-Bkdb6.jpg
鳞部,乌贼鱼,http://www.a-hospital.com/w/%E6%9C%AC%E8%8D%89%E7%BA%B2%E7%9B%AE/%E4%B9%8C%E8%B4%BC%E9%B1%BC,
鳞部,虾,http://www.a-hospital.com/w/%E6%9C%AC%E8%8D%89%E7%BA%B2%E7%9B%AE/%E8%99%BE,http://p.ayxbk.com/images/thumb/2/2b/Bkn3y.jpg/220px-Bkn3y.jpg
鳞部,海马,http://www.a-hospital.com/w/%E6%9C%AC%E8%8D%89%E7%BA%B2%E7%9B%AE/%E6%B5%B7%E9%A9%AC,http://p.ayxbk.com/images/thumb/6/61/Bk1nz.jpg/220px-Bk1nz.jpg
鳞部,鳔,http://www.a-hospital.com/w/%E6%9C%AC%E8%8D%89%E7%BA%B2%E7%9B%AE/%E9%B3%94,
鳞部,鱼子,http://www.a-hospital.com/w/%E6%9C%AC%E8%8D%89%E7%BA%B2%E7%9B%AE/%E9%B1%BC%E5%AD%90,
鳞部,鲤鱼,http://www.a-hospital.com/w/%E6%9C%AC%E8%8D%89%E7%BA%B2%E7%9B%AE/%E9%B2%A4%E9%B1%BC,http://p.ayxbk.com/images/f/f2/Bkliw.jpg
鳞部,青鱼,http://www.a-hospital.com/w/%E6%9C%AC%E8%8D%89%E7%BA%B2%E7%9B%AE/%E9%9D%92%E9%B1%BC,http://p.ayxbk.com/images/thumb/7/70/Bken7.jpg/220px-Bken7.jpg
兽部,豕,http://www.a-hospital.com/w/%E6%9C%AC%E8%8D%89%E7%BA%B2%E7%9B%AE/%E8%B1%95,
兽部,狗,http://www.a-hospital.com/w/%E6%9C%AC%E8%8D%89%E7%BA%B2%E7%9B%AE/%E7%8B%97,
兽部,羊,http://www.a-hospital.com/w/%E6%9C%AC%E8%8D%89%E7%BA%B2%E7%9B%AE/%E7%BE%8A,
兽部,牛,http://www.a-hospital.com/w/%E6%9C%AC%E8%8D%89%E7%BA%B2%E7%9B%AE/%E7%89%9B,
兽部,马,http://www.a-hospital.com/w/%E6%9C%AC%E8%8D%89%E7%BA%B2%E7%9B%AE/%E9%A9%AC,
兽部,驴,http://www.a-hospital.com/w/%E6%9C%AC%E8%8D%89%E7%BA%B2%E7%9B%AE/%E9%A9%B4,
兽部,驼,http://www.a-hospital.com/w/%E6%9C%AC%E8%8D%89%E7%BA%B2%E7%9B%AE/%E9%A9%BC,
兽部,阿胶,http://www.a-hospital.com/w/%E6%9C%AC%E8%8D%89%E7%BA%B2%E7%9B%AE/%E9%98%BF%E8%83%B6,
兽部,黄明胶,http://www.a-hospital.com/w/%E6%9C%AC%E8%8D%89%E7%BA%B2%E7%9B%AE/%E9%BB%84%E6%98%8E%E8%83%B6,
兽部,牛黄,http://www.a-hospital.com/w/%E6%9C%AC%E8%8D%89%E7%BA%B2%E7%9B%AE/%E7%89%9B%E9%BB%84,http://p.ayxbk.com/images/thumb/5/5a/Bk342.jpg/220px-Bk342.jpg
兽部,鲊答,http://www.a-hospital.com/w/%E6%9C%AC%E8%8D%89%E7%BA%B2%E7%9B%AE/%E9%B2%8A%E7%AD%94,
兽部,狗宝,http://www.a-hospital.com/w/%E6%9C%AC%E8%8D%89%E7%BA%B2%E7%9B%AE/%E7%8B%97%E5%AE%9D,http://p.ayxbk.com/images/thumb/1/10/Bkbhw.jpg/220px-Bkbhw.jpg
兽部,虎,http://www.a-hospital.com/w/%E6%9C%AC%E8%8D%89%E7%BA%B2%E7%9B%AE/%E8%99%8E,
兽部,豹,http://www.a-hospital.com/w/%E6%9C%AC%E8%8D%89%E7%BA%B2%E7%9B%AE/%E8%B1%B9,
兽部,象,http://www.a-hospital.com/w/%E6%9C%AC%E8%8D%89%E7%BA%B2%E7%9B%AE/%E8%B1%A1,
兽部,犀,http://www.a-hospital.com/w/%E6%9C%AC%E8%8D%89%E7%BA%B2%E7%9B%AE/%E7%8A%80,
兽部,野猪,http://www.a-hospital.com/w/%E6%9C%AC%E8%8D%89%E7%BA%B2%E7%9B%AE/%E9%87%8E%E7%8C%AA,
兽部,熊,http://www.a-hospital.com/w/%E6%9C%AC%E8%8D%89%E7%BA%B2%E7%9B%AE/%E7%86%8A,
兽部,羚羊,http://www.a-hospital.com/w/%E6%9C%AC%E8%8D%89%E7%BA%B2%E7%9B%AE/%E7%BE%9A%E7%BE%8A,
兽部,鹿,http://www.a-hospital.com/w/%E6%9C%AC%E8%8D%89%E7%BA%B2%E7%9B%AE/%E9%B9%BF,
兽部,麋,http://www.a-hospital.com/w/%E6%9C%AC%E8%8D%89%E7%BA%B2%E7%9B%AE/%E9%BA%8B,
兽部,麝,http://www.a-hospital.com/w/%E6%9C%AC%E8%8D%89%E7%BA%B2%E7%9B%AE/%E9%BA%9D,
兽部,灵猫,http://www.a-hospital.com/w/%E6%9C%AC%E8%8D%89%E7%BA%B2%E7%9B%AE/%E7%81%B5%E7%8C%AB,
兽部,猫,http://www.a-hospital.com/w/%E6%9C%AC%E8%8D%89%E7%BA%B2%E7%9B%AE/%E7%8C%AB,
兽部,湍,http://www.a-hospital.com/w/%E6%9C%AC%E8%8D%89%E7%BA%B2%E7%9B%AE/%E6%B9%8D,
兽部,兔,http://www.a-hospital.com/w/%E6%9C%AC%E8%8D%89%E7%BA%B2%E7%9B%AE/%E5%85%94,
兽部,水獭,http://www.a-hospital.com/w/%E6%9C%AC%E8%8D%89%E7%BA%B2%E7%9B%AE/%E6%B0%B4%E7%8D%AD,http://p.ayxbk.com/images/thumb/7/74/Bkmnf.jpg/220px-Bkmnf.jpg
兽部,鼠,http://www.a-hospital.com/w/%E6%9C%AC%E8%8D%89%E7%BA%B2%E7%9B%AE/%E9%BC%A0,http://p.ayxbk.com/images/thumb/5/53/Bkndr.jpg/220px-Bkndr.jpg
兽部,猬,http://www.a-hospital.com/w/%E6%9C%AC%E8%8D%89%E7%BA%B2%E7%9B%AE/%E7%8C%AC,
兽部,猕猴,http://www.a-hospital.com/w/%E6%9C%AC%E8%8D%89%E7%BA%B2%E7%9B%AE/%E7%8C%95%E7%8C%B4,
禽部,鹤,http://www.a-hospital.com/w/%E6%9C%AC%E8%8D%89%E7%BA%B2%E7%9B%AE/%E9%B9%A4,
禽部,鹈鹕,http://www.a-hospital.com/w/%E6%9C%AC%E8%8D%89%E7%BA%B2%E7%9B%AE/%E9%B9%88%E9%B9%95,
禽部,鹅,http://www.a-hospital.com/w/%E6%9C%AC%E8%8D%89%E7%BA%B2%E7%9B%AE/%E9%B9%85,http://p.ayxbk.com/images/thumb/0/00/Bkncd.jpg/220px-Bkncd.jpg
禽部,鹜,http://www.a-hospital.com/w/%E6%9C%AC%E8%8D%89%E7%BA%B2%E7%9B%AE/%E9%B9%9C,
禽部,凫,http://www.a-hospital.com/w/%E6%9C%AC%E8%8D%89%E7%BA%B2%E7%9B%AE/%E5%87%AB,
禽部,鸡,http://www.a-hospital.com/w/%E6%9C%AC%E8%8D%89%E7%BA%B2%E7%9B%AE/%E9%B8%A1,
禽部,雉,http://www.a-hospital.com/w/%E6%9C%AC%E8%8D%89%E7%BA%B2%E7%9B%AE/%E9%9B%89,http://p.ayxbk.com/images/b/b6/Bkna1.jpg
禽部,鸽,http://www.a-hospital.com/w/%E6%9C%AC%E8%8D%89%E7%BA%B2%E7%9B%AE/%E9%B8%BD,http://p.ayxbk.com/images/thumb/1/11/Bknc6.jpg/220px-Bknc6.jpg
禽部,雀,http://www.a-hospital.com/w/%E6%9C%AC%E8%8D%89%E7%BA%B2%E7%9B%AE/%E9%9B%80,
禽部,伏翼,http://www.a-hospital.com/w/%E6%9C%AC%E8%8D%89%E7%BA%B2%E7%9B%AE/%E4%BC%8F%E7%BF%BC,
禽部,寒号虫,http://www.a-hospital.com/w/%E6%9C%AC%E8%8D%89%E7%BA%B2%E7%9B%AE/%E5%AF%92%E5%8F%B7%E8%99%AB,
禽部,斑鸠,http://www.a-hospital.com/w/%E6%9C%AC%E8%8D%89%E7%BA%B2%E7%9B%AE/%E6%96%91%E9%B8%A0,http://p.ayxbk.com/images/thumb/3/34/Bkc2m.jpg/220px-Bkc2m.jpg
禽部,乌鸦,http://www.a-hospital.com/w/%E6%9C%AC%E8%8D%89%E7%BA%B2%E7%9B%AE/%E4%B9%8C%E9%B8%A6,http://p.ayxbk.com/images/b/b2/Bkfo4.jpg
禽部,鹊,http://www.a-hospital.com/w/%E6%9C%AC%E8%8D%89%E7%BA%B2%E7%9B%AE/%E9%B9%8A,http://p.ayxbk.com/images/thumb/c/c3/Bknck.jpg/220px-Bknck.jpg
禽部,鹰,http://www.a-hospital.com/w/%E6%9C%AC%E8%8D%89%E7%BA%B2%E7%9B%AE/%E9%B9%B0,
禽部,鹗,http://www.a-hospital.com/w/%E6%9C%AC%E8%8D%89%E7%BA%B2%E7%9B%AE/%E9%B9%97,
虫部,蜂蜜,http://www.a-hospital.com/w/%E6%9C%AC%E8%8D%89%E7%BA%B2%E7%9B%AE/%E8%9C%82%E8%9C%9C,http://p.ayxbk.com/images/thumb/6/63/Bk1a0.jpg/220px-Bk1a0.jpg
虫部,蜜蜡,http://www.a-hospital.com/w/%E6%9C%AC%E8%8D%89%E7%BA%B2%E7%9B%AE/%E8%9C%9C%E8%9C%A1,http://p.ayxbk.com/images/thumb/4/43/Bkn5m.jpg/220px-Bkn5m.jpg
虫部,蜜蜂,http://www.a-hospital.com/w/%E6%9C%AC%E8%8D%89%E7%BA%B2%E7%9B%AE/%E8%9C%9C%E8%9C%82,
虫部,土蜂,http://www.a-hospital.com/w/%E6%9C%AC%E8%8D%89%E7%BA%B2%E7%9B%AE/%E5%9C%9F%E8%9C%82,http://p.ayxbk.com/images/thumb/c/cb/Bkfit.jpg/220px-Bkfit.jpg
虫部,露蜂房,http://www.a-hospital.com/w/%E6%9C%AC%E8%8D%89%E7%BA%B2%E7%9B%AE/%E9%9C%B2%E8%9C%82%E6%88%BF,http://p.ayxbk.com/images/thumb/0/0f/Bke1h.jpg/220px-Bke1h.jpg
虫部,艺翁,http://www.a-hospital.com/w/%E6%9C%AC%E8%8D%89%E7%BA%B2%E7%9B%AE/%E8%89%BA%E7%BF%81,
虫部,虫白蜡,http://www.a-hospital.com/w/%E6%9C%AC%E8%8D%89%E7%BA%B2%E7%9B%AE/%E8%99%AB%E7%99%BD%E8%9C%A1,http://p.ayxbk.com/images/thumb/d/d6/Bk0p2.jpg/220px-Bk0p2.jpg
虫部,螳螂桑螵蛸,http://www.a-hospital.com/w/%E6%9C%AC%E8%8D%89%E7%BA%B2%E7%9B%AE/%E8%9E%B3%E8%9E%82%E6%A1%91%E8%9E%B5%E8%9B%B8,
虫部,蚕,http://www.a-hospital.com/w/%E6%9C%AC%E8%8D%89%E7%BA%B2%E7%9B%AE/%E8%9A%95,
虫部,原蚕,http://www.a-hospital.com/w/%E6%9C%AC%E8%8D%89%E7%BA%B2%E7%9B%AE/%E5%8E%9F%E8%9A%95,
虫部,九香虫,http://www.a-hospital.com/w/%E6%9C%AC%E8%8D%89%E7%BA%B2%E7%9B%AE/%E4%B9%9D%E9%A6%99%E8%99%AB,http://p.ayxbk.com/images/6/63/Bk289.jpg
虫部,樗鸡,http://www.a-hospital.com/w/%E6%9C%AC%E8%8D%89%E7%BA%B2%E7%9B%AE/%E6%A8%97%E9%B8%A1,
虫部,斑蝥,http://www.a-hospital.com/w/%E6%9C%AC%E8%8D%89%E7%BA%B2%E7%9B%AE/%E6%96%91%E8%9D%A5,http://p.ayxbk.com/images/6/68/Bk0b7.jpg
虫部,芫青,http://www.a-hospital.com/w/%E6%9C%AC%E8%8D%89%E7%BA%B2%E7%9B%AE/%E8%8A%AB%E9%9D%92,
虫部,葛上亭长,http://www.a-hospital.com/w/%E6%9C%AC%E8%8D%89%E7%BA%B2%E7%9B%AE/%E8%91%9B%E4%B8%8A%E4%BA%AD%E9%95%BF,
虫部,地胆,http://www.a-hospital.com/w/%E6%9C%AC%E8%8D%89%E7%BA%B2%E7%9B%AE/%E5%9C%B0%E8%83%86,http://p.ayxbk.com/images/thumb/5/55/Bkcmc.jpg/220px-Bkcmc.jpg
虫部,蜘蛛,http://www.a-hospital.com/w/%E6%9C%AC%E8%8D%89%E7%BA%B2%E7%9B%AE/%E8%9C%98%E8%9B%9B,http://p.ayxbk.com/images/thumb/0/03/Bkgct.jpg/220px-Bkgct.jpg
虫部,壁钱,http://www.a-hospital.com/w/%E6%9C%AC%E8%8D%89%E7%BA%B2%E7%9B%AE/%E5%A3%81%E9%92%B1,
虫部,蝎,http://www.a-hospital.com/w/%E6%9C%AC%E8%8D%89%E7%BA%B2%E7%9B%AE/%E8%9D%8E,
虫部,水蛭,http://www.a-hospital.com/w/%E6%9C%AC%E8%8D%89%E7%BA%B2%E7%9B%AE/%E6%B0%B4%E8%9B%AD,http://p.ayxbk.com/images/9/90/Bk3tv.jpg
虫部,蛆,http://www.a-hospital.com/w/%E6%9C%AC%E8%8D%89%E7%BA%B2%E7%9B%AE/%E8%9B%86,
虫部,蛴螬,http://www.a-hospital.com/w/%E6%9C%AC%E8%8D%89%E7%BA%B2%E7%9B%AE/%E8%9B%B4%E8%9E%AC,http://p.ayxbk.com/images/thumb/1/17/Bkbpn.jpg/220px-Bkbpn.jpg
虫部,蚱蝉,http://www.a-hospital.com/w/%E6%9C%AC%E8%8D%89%E7%BA%B2%E7%9B%AE/%E8%9A%B1%E8%9D%89,http://p.ayxbk.com/images/thumb/1/18/Bkn4s.jpg/220px-Bkn4s.jpg
虫部,蝉蜕,http://www.a-hospital.com/w/%E6%9C%AC%E8%8D%89%E7%BA%B2%E7%9B%AE/%E8%9D%89%E8%9C%95,http://p.ayxbk.com/images/5/5a/Bkbfx.jpg
虫部,蜣螂,http://www.a-hospital.com/w/%E6%9C%AC%E8%8D%89%E7%BA%B2%E7%9B%AE/%E8%9C%A3%E8%9E%82,http://p.ayxbk.com/images/thumb/f/f4/Bkelp.jpg/220px-Bkelp.jpg
虫部,天牛,http://www.a-hospital.com/w/%E6%9C%AC%E8%8D%89%E7%BA%B2%E7%9B%AE/%E5%A4%A9%E7%89%9B,http://p.ayxbk.com/images/thumb/7/7b/Bkfel.jpg/220px-Bkfel.jpg
虫部,蝼蛄,http://www.a-hospital.com/w/%E6%9C%AC%E8%8D%89%E7%BA%B2%E7%9B%AE/%E8%9D%BC%E8%9B%84,http://p.ayxbk.com/images/thumb/8/8f/Bkbn0.jpg/220px-Bkbn0.jpg
虫部,萤火,http://www.a-hospital.com/w/%E6%9C%AC%E8%8D%89%E7%BA%B2%E7%9B%AE/%E8%90%A4%E7%81%AB,http://p.ayxbk.com/images/thumb/c/c3/Bkg56.jpg/220px-Bkg56.jpg
虫部,衣鱼,http://www.a-hospital.com/w/%E6%9C%AC%E8%8D%89%E7%BA%B2%E7%9B%AE/%E8%A1%A3%E9%B1%BC,http://p.ayxbk.com/images/c/cc/Bkg38.jpg
虫部,鼠妇,http://www.a-hospital.com/w/%E6%9C%AC%E8%8D%89%E7%BA%B2%E7%9B%AE/%E9%BC%A0%E5%A6%87,http://p.ayxbk.com/images/thumb/4/4b/Bkf44.jpg/220px-Bkf44.jpg
虫部,蔗虫,http://www.a-hospital.com/w/%E6%9C%AC%E8%8D%89%E7%BA%B2%E7%9B%AE/%E8%94%97%E8%99%AB,
虫部,蜚蠊,http://www.a-hospital.com/w/%E6%9C%AC%E8%8D%89%E7%BA%B2%E7%9B%AE/%E8%9C%9A%E8%A0%8A,
虫部,蜚虻,http://www.a-hospital.com/w/%E6%9C%AC%E8%8D%89%E7%BA%B2%E7%9B%AE/%E8%9C%9A%E8%99%BB,
虫部,蟾蜍,http://www.a-hospital.com/w/%E6%9C%AC%E8%8D%89%E7%BA%B2%E7%9B%AE/%E8%9F%BE%E8%9C%8D,http://p.ayxbk.com/images/thumb/8/8a/Bkk4p.jpg/220px-Bkk4p.jpg
虫部,蛤蟆,http://www.a-hospital.com/w/%E6%9C%AC%E8%8D%89%E7%BA%B2%E7%9B%AE/%E8%9B%A4%E8%9F%86,
虫部,蛙,http://www.a-hospital.com/w/%E6%9C%AC%E8%8D%89%E7%BA%B2%E7%9B%AE/%E8%9B%99,
虫部,蝌蚪,http://www.a-hospital.com/w/%E6%9C%AC%E8%8D%89%E7%BA%B2%E7%9B%AE/%E8%9D%8C%E8%9A%AA,http://p.ayxbk.com/images/thumb/c/cd/Bkdpj.jpg/220px-Bkdpj.jpg
虫部,蜈蚣,http://www.a-hospital.com/w/%E6%9C%AC%E8%8D%89%E7%BA%B2%E7%9B%AE/%E8%9C%88%E8%9A%A3,http://p.ayxbk.com/images/thumb/b/b0/Bk493.jpg/220px-Bk493.jpg
虫部,蚯蚓,http://www.a-hospital.com/w/%E6%9C%AC%E8%8D%89%E7%BA%B2%E7%9B%AE/%E8%9A%AF%E8%9A%93,http://p.ayxbk.com/images/thumb/4/4f/Bkbpw.jpg/220px-Bkbpw.jpg
虫部,蜗牛,http://www.a-hospital.com/w/%E6%9C%AC%E8%8D%89%E7%BA%B2%E7%9B%AE/%E8%9C%97%E7%89%9B,http://p.ayxbk.com/images/thumb/7/7b/Bkfnc.jpg/220px-Bkfnc.jpg
虫部,蛞蝓,http://www.a-hospital.com/w/%E6%9C%AC%E8%8D%89%E7%BA%B2%E7%9B%AE/%E8%9B%9E%E8%9D%93,http://p.ayxbk.com/images/thumb/3/3d/Bkdsb.jpg/220px-Bkdsb.jpg
虫部,蛔虫,http://www.a-hospital.com/w/%E6%9C%AC%E8%8D%89%E7%BA%B2%E7%9B%AE/%E8%9B%94%E8%99%AB,
介部,水龟,http://www.a-hospital.com/w/%E6%9C%AC%E8%8D%89%E7%BA%B2%E7%9B%AE/%E6%B0%B4%E9%BE%9F,
介部,玳瑁,http://www.a-hospital.com/w/%E6%9C%AC%E8%8D%89%E7%BA%B2%E7%9B%AE/%E7%8E%B3%E7%91%81,http://p.ayxbk.com/images/thumb/d/d9/Bkckk.jpg/220px-Bkckk.jpg
介部,鳖,http://www.a-hospital.com/w/%E6%9C%AC%E8%8D%89%E7%BA%B2%E7%9B%AE/%E9%B3%96,
介部,蟹,http://www.a-hospital.com/w/%E6%9C%AC%E8%8D%89%E7%BA%B2%E7%9B%AE/%E8%9F%B9,http://p.ayxbk.com/images/thumb/a/a6/Bkn62.jpg/220px-Bkn62.jpg
介部,牡蛎,http://www.a-hospital.com/w/%E6%9C%AC%E8%8D%89%E7%BA%B2%E7%9B%AE/%E7%89%A1%E8%9B%8E,http://p.ayxbk.com/images/thumb/1/1d/Bk2z6.jpg/220px-Bk2z6.jpg
介部,蚌,http://www.a-hospital.com/w/%E6%9C%AC%E8%8D%89%E7%BA%B2%E7%9B%AE/%E8%9A%8C,http://p.ayxbk.com/images/thumb/b/b6/Bkn48.jpg/220px-Bkn48.jpg
介部,真珠,http://www.a-hospital.com/w/%E6%9C%AC%E8%8D%89%E7%BA%B2%E7%9B%AE/%E7%9C%9F%E7%8F%A0,
介部,石决明,http://www.a-hospital.com/w/%E6%9C%AC%E8%8D%89%E7%BA%B2%E7%9B%AE/%E7%9F%B3%E5%86%B3%E6%98%8E,http://p.ayxbk.com/images/a/ab/Bk3qf.jpg
介部,海蛤,http://www.a-hospital.com/w/%E6%9C%AC%E8%8D%89%E7%BA%B2%E7%9B%AE/%E6%B5%B7%E8%9B%A4,
介部,蛤蜊,http://www.a-hospital.com/w/%E6%9C%AC%E8%8D%89%E7%BA%B2%E7%9B%AE/%E8%9B%A4%E8%9C%8A,http://p.ayxbk.com/images/thumb/0/06/Bkcyn.jpg/220px-Bkcyn.jpg
介部,车渠,http://www.a-hospital.com/w/%E6%9C%AC%E8%8D%89%E7%BA%B2%E7%9B%AE/%E8%BD%A6%E6%B8%A0,
介部,贝子,http://www.a-hospital.com/w/%E6%9C%AC%E8%8D%89%E7%BA%B2%E7%9B%AE/%E8%B4%9D%E5%AD%90,
介部,淡菜,http://www.a-hospital.com/w/%E6%9C%AC%E8%8D%89%E7%BA%B2%E7%9B%AE/%E6%B7%A1%E8%8F%9C,http://p.ayxbk.com/images/thumb/9/9c/Bkclm.jpg/220px-Bkclm.jpg
介部,田螺,http://www.a-hospital.com/w/%E6%9C%AC%E8%8D%89%E7%BA%B2%E7%9B%AE/%E7%94%B0%E8%9E%BA,http://p.ayxbk.com/images/d/d6/Bkffi.jpg
介部,蜗螺,http://www.a-hospital.com/w/%E6%9C%AC%E8%8D%89%E7%BA%B2%E7%9B%AE/%E8%9C%97%E8%9E%BA,
菜部,韭,http://www.a-hospital.com/w/%E6%9C%AC%E8%8D%89%E7%BA%B2%E7%9B%AE/%E9%9F%AD,
菜部,葱,http://www.a-hospital.com/w/%E6%9C%AC%E8%8D%89%E7%BA%B2%E7%9B%AE/%E8%91%B1,
菜部,薤,http://www.a-hospital.com/w/%E6%9C%AC%E8%8D%89%E7%BA%B2%E7%9B%AE/%E8%96%A4,
菜部,蒜,http://www.a-hospital.com/w/%E6%9C%AC%E8%8D%89%E7%BA%B2%E7%9B%AE/%E8%92%9C,
菜部,葫,http://www.a-hospital.com/w/%E6%9C%AC%E8%8D%89%E7%BA%B2%E7%9B%AE/%E8%91%AB,
菜部,芸薹,http://www.a-hospital.com/w/%E6%9C%AC%E8%8D%89%E7%BA%B2%E7%9B%AE/%E8%8A%B8%E8%96%B9,
菜部,芥,http://www.a-hospital.com/w/%E6%9C%AC%E8%8D%89%E7%BA%B2%E7%9B%AE/%E8%8A%A5,
菜部,白芥,http://www.a-hospital.com/w/%E6%9C%AC%E8%8D%89%E7%BA%B2%E7%9B%AE/%E7%99%BD%E8%8A%A5,
菜部,芜菁,http://www.a-hospital.com/w/%E6%9C%AC%E8%8D%89%E7%BA%B2%E7%9B%AE/%E8%8A%9C%E8%8F%81,http://p.ayxbk.com/images/thumb/a/ab/Bkfp3.jpg/220px-Bkfp3.jpg
菜部,莱菔,http://www.a-hospital.com/w/%E6%9C%AC%E8%8D%89%E7%BA%B2%E7%9B%AE/%E8%8E%B1%E8%8F%94,
菜部,生姜,http://www.a-hospital.com/w/%E6%9C%AC%E8%8D%89%E7%BA%B2%E7%9B%AE/%E7%94%9F%E5%A7%9C,http://p.ayxbk.com/images/thumb/6/60/Bk3p0.jpg/220px-Bk3p0.jpg
菜部,干姜,http://www.a-hospital.com/w/%E6%9C%AC%E8%8D%89%E7%BA%B2%E7%9B%AE/%E5%B9%B2%E5%A7%9C,http://p.ayxbk.com/images/thumb/2/22/Bk1ek.jpg/220px-Bk1ek.jpg
菜部,胡荽,http://www.a-hospital.com/w/%E6%9C%AC%E8%8D%89%E7%BA%B2%E7%9B%AE/%E8%83%A1%E8%8D%BD,
菜部,水芹,http://www.a-hospital.com/w/%E6%9C%AC%E8%8D%89%E7%BA%B2%E7%9B%AE/%E6%B0%B4%E8%8A%B9,http://p.ayxbk.com/images/thumb/7/78/Bkf6q.jpg/220px-Bkf6q.jpg
菜部,茴香,http://www.a-hospital.com/w/%E6%9C%AC%E8%8D%89%E7%BA%B2%E7%9B%AE/%E8%8C%B4%E9%A6%99,http://p.ayxbk.com/images/4/4a/Bkdbq.jpg
菜部,菠菜,http://www.a-hospital.com/w/%E6%9C%AC%E8%8D%89%E7%BA%B2%E7%9B%AE/%E8%8F%A0%E8%8F%9C,http://p.ayxbk.com/images/thumb/2/28/Bkc71.jpg/220px-Bkc71.jpg
菜部,荠菜,http://www.a-hospital.com/w/%E6%9C%AC%E8%8D%89%E7%BA%B2%E7%9B%AE/%E8%8D%A0%E8%8F%9C,http://p.ayxbk.com/images/thumb/a/a2/Bk3a1.jpg/220px-Bk3a1.jpg
菜部,菥,http://www.a-hospital.com/w/%E6%9C%AC%E8%8D%89%E7%BA%B2%E7%9B%AE/%E8%8F%A5,
菜部,鸡肠草,http://www.a-hospital.com/w/%E6%9C%AC%E8%8D%89%E7%BA%B2%E7%9B%AE/%E9%B8%A1%E8%82%A0%E8%8D%89,
菜部,苜蓿,http://www.a-hospital.com/w/%E6%9C%AC%E8%8D%89%E7%BA%B2%E7%9B%AE/%E8%8B%9C%E8%93%BF,http://p.ayxbk.com/images/thumb/b/bb/Bkeb9.jpg/220px-Bkeb9.jpg
菜部,苋,http://www.a-hospital.com/w/%E6%9C%AC%E8%8D%89%E7%BA%B2%E7%9B%AE/%E8%8B%8B,http://p.ayxbk.com/images/thumb/f/f8/Bkmzn.jpg/220px-Bkmzn.jpg
菜部,马齿苋,http://www.a-hospital.com/w/%E6%9C%AC%E8%8D%89%E7%BA%B2%E7%9B%AE/%E9%A9%AC%E9%BD%BF%E8%8B%8B,http://p.ayxbk.com/images/thumb/8/87/Bk2th.jpg/220px-Bk2th.jpg
菜部,苦菜,http://www.a-hospital.com/w/%E6%9C%AC%E8%8D%89%E7%BA%B2%E7%9B%AE/%E8%8B%A6%E8%8F%9C,http://p.ayxbk.com/images/f/f9/Bkbm1.jpg
菜部,莴苣,http://www.a-hospital.com/w/%E6%9C%AC%E8%8D%89%E7%BA%B2%E7%9B%AE/%E8%8E%B4%E8%8B%A3,http://p.ayxbk.com/images/thumb/f/fe/Bkfnb.jpg/220px-Bkfnb.jpg
菜部,翻白草,http://www.a-hospital.com/w/%E6%9C%AC%E8%8D%89%E7%BA%B2%E7%9B%AE/%E7%BF%BB%E7%99%BD%E8%8D%89,
菜部,蒲公英,http://www.a-hospital.com/w/%E6%9C%AC%E8%8D%89%E7%BA%B2%E7%9B%AE/%E8%92%B2%E5%85%AC%E8%8B%B1,http://p.ayxbk.com/images/thumb/8/82/Bk38p.jpg/220px-Bk38p.jpg
菜部,蕺,http://www.a-hospital.com/w/%E6%9C%AC%E8%8D%89%E7%BA%B2%E7%9B%AE/%E8%95%BA,
菜部,蕨,http://www.a-hospital.com/w/%E6%9C%AC%E8%8D%89%E7%BA%B2%E7%9B%AE/%E8%95%A8,http://p.ayxbk.com/images/0/07/Bkn2r.jpg
菜部,薇,http://www.a-hospital.com/w/%E6%9C%AC%E8%8D%89%E7%BA%B2%E7%9B%AE/%E8%96%87,
菜部,翘摇,http://www.a-hospital.com/w/%E6%9C%AC%E8%8D%89%E7%BA%B2%E7%9B%AE/%E7%BF%98%E6%91%87,
菜部,鹿藿,http://www.a-hospital.com/w/%E6%9C%AC%E8%8D%89%E7%BA%B2%E7%9B%AE/%E9%B9%BF%E8%97%BF,
菜部,藜,http://www.a-hospital.com/w/%E6%9C%AC%E8%8D%89%E7%BA%B2%E7%9B%AE/%E8%97%9C,http://p.ayxbk.com/images/6/69/Bkn3c.jpg
菜部,芋,http://www.a-hospital.com/w/%E6%9C%AC%E8%8D%89%E7%BA%B2%E7%9B%AE/%E8%8A%8B,http://p.ayxbk.com/images/thumb/9/9c/Bkmye.jpg/220px-Bkmye.jpg
菜部,薯蓣,http://www.a-hospital.com/w/%E6%9C%AC%E8%8D%89%E7%BA%B2%E7%9B%AE/%E8%96%AF%E8%93%A3,
菜部,甘薯,http://www.a-hospital.com/w/%E6%9C%AC%E8%8D%89%E7%BA%B2%E7%9B%AE/%E7%94%98%E8%96%AF,http://p.ayxbk.com/images/thumb/7/70/Bkcxc.jpg/220px-Bkcxc.jpg
菜部,百合,http://www.a-hospital.com/w/%E6%9C%AC%E8%8D%89%E7%BA%B2%E7%9B%AE/%E7%99%BE%E5%90%88,http://p.ayxbk.com/images/thumb/1/1b/Bk0ac.jpg/220px-Bk0ac.jpg
菜部,竹笋,http://www.a-hospital.com/w/%E6%9C%AC%E8%8D%89%E7%BA%B2%E7%9B%AE/%E7%AB%B9%E7%AC%8B,
菜部,茄,http://www.a-hospital.com/w/%E6%9C%AC%E8%8D%89%E7%BA%B2%E7%9B%AE/%E8%8C%84,
菜部,壶卢,http://www.a-hospital.com/w/%E6%9C%AC%E8%8D%89%E7%BA%B2%E7%9B%AE/%E5%A3%B6%E5%8D%A2,
菜部,苦瓠,http://www.a-hospital.com/w/%E6%9C%AC%E8%8D%89%E7%BA%B2%E7%9B%AE/%E8%8B%A6%E7%93%A0,
菜部,石花菜,http://www.a-hospital.com/w/%E6%9C%AC%E8%8D%89%E7%BA%B2%E7%9B%AE/%E7%9F%B3%E8%8A%B1%E8%8F%9C,http://p.ayxbk.com/images/thumb/6/6a/Bkb4e.jpg/220px-Bkb4e.jpg
菜部,冬瓜,http://www.a-hospital.com/w/%E6%9C%AC%E8%8D%89%E7%BA%B2%E7%9B%AE/%E5%86%AC%E7%93%9C,http://p.ayxbk.com/images/thumb/8/87/Bkco6.jpg/220px-Bkco6.jpg
菜部,南瓜,http://www.a-hospital.com/w/%E6%9C%AC%E8%8D%89%E7%BA%B2%E7%9B%AE/%E5%8D%97%E7%93%9C,http://p.ayxbk.com/images/thumb/c/cd/Bkech.jpg/220px-Bkech.jpg
菜部,胡瓜,http://www.a-hospital.com/w/%E6%9C%AC%E8%8D%89%E7%BA%B2%E7%9B%AE/%E8%83%A1%E7%93%9C,
菜部,丝瓜,http://www.a-hospital.com/w/%E6%9C%AC%E8%8D%89%E7%BA%B2%E7%9B%AE/%E4%B8%9D%E7%93%9C,http://p.ayxbk.com/images/thumb/c/c7/Bkf8b.jpg/220px-Bkf8b.jpg
菜部,苦瓜,http://www.a-hospital.com/w/%E6%9C%AC%E8%8D%89%E7%BA%B2%E7%9B%AE/%E8%8B%A6%E7%93%9C,http://p.ayxbk.com/images/thumb/3/38/Bkdr1.jpg/220px-Bkdr1.jpg
菜部,紫菜,http://www.a-hospital.com/w/%E6%9C%AC%E8%8D%89%E7%BA%B2%E7%9B%AE/%E7%B4%AB%E8%8F%9C,http://p.ayxbk.com/images/thumb/d/d7/Bkgjl.jpg/220px-Bkgjl.jpg
菜部,石莼,http://www.a-hospital.com/w/%E6%9C%AC%E8%8D%89%E7%BA%B2%E7%9B%AE/%E7%9F%B3%E8%8E%BC,http://p.ayxbk.com/images/thumb/2/28/Bkf14.jpg/220px-Bkf14.jpg
菜部,鹿角菜,http://www.a-hospital.com/w/%E6%9C%AC%E8%8D%89%E7%BA%B2%E7%9B%AE/%E9%B9%BF%E8%A7%92%E8%8F%9C,
菜部,龙须菜,http://www.a-hospital.com/w/%E6%9C%AC%E8%8D%89%E7%BA%B2%E7%9B%AE/%E9%BE%99%E9%A1%BB%E8%8F%9C,
菜部,睡菜,http://www.a-hospital.com/w/%E6%9C%AC%E8%8D%89%E7%BA%B2%E7%9B%AE/%E7%9D%A1%E8%8F%9C,http://p.ayxbk.com/images/thumb/7/72/Bkf7u.jpg/220px-Bkf7u.jpg
菜部,芝,http://www.a-hospital.com/w/%E6%9C%AC%E8%8D%89%E7%BA%B2%E7%9B%AE/%E8%8A%9D,
菜部,木耳,http://www.a-hospital.com/w/%E6%9C%AC%E8%8D%89%E7%BA%B2%E7%9B%AE/%E6%9C%A8%E8%80%B3,http://p.ayxbk.com/images/thumb/3/30/Bklk2.jpg/220px-Bklk2.jpg
菜部,皂荚蕈,http://www.a-hospital.com/w/%E6%9C%AC%E8%8D%89%E7%BA%B2%E7%9B%AE/%E7%9A%82%E8%8D%9A%E8%95%88,
菜部,香蕈,http://www.a-hospital.com/w/%E6%9C%AC%E8%8D%89%E7%BA%B2%E7%9B%AE/%E9%A6%99%E8%95%88,
菜部,蘑菰蕈,http://www.a-hospital.com/w/%E6%9C%AC%E8%8D%89%E7%BA%B2%E7%9B%AE/%E8%98%91%E8%8F%B0%E8%95%88,
菜部,鸡菌,http://www.a-hospital.com/w/%E6%9C%AC%E8%8D%89%E7%BA%B2%E7%9B%AE/%E9%B8%A1%E8%8F%8C,
菜部,土菌,http://www.a-hospital.com/w/%E6%9C%AC%E8%8D%89%E7%BA%B2%E7%9B%AE/%E5%9C%9F%E8%8F%8C,
菜部,地耳,http://www.a-hospital.com/w/%E6%9C%AC%E8%8D%89%E7%BA%B2%E7%9B%AE/%E5%9C%B0%E8%80%B3,
菜部,石耳,http://www.a-hospital.com/w/%E6%9C%AC%E8%8D%89%E7%BA%B2%E7%9B%AE/%E7%9F%B3%E8%80%B3,http://p.ayxbk.com/images/e/e8/Bkbrf.jpg
水部,露水,http://www.a-hospital.com/w/%E6%9C%AC%E8%8D%89%E7%BA%B2%E7%9B%AE/%E9%9C%B2%E6%B0%B4,
水部,明水,http://www.a-hospital.com/w/%E6%9C%AC%E8%8D%89%E7%BA%B2%E7%9B%AE/%E6%98%8E%E6%B0%B4,
水部,冬霜,http://www.a-hospital.com/w/%E6%9C%AC%E8%8D%89%E7%BA%B2%E7%9B%AE/%E5%86%AC%E9%9C%9C,
水部,腊雪,http://www.a-hospital.com/w/%E6%9C%AC%E8%8D%89%E7%BA%B2%E7%9B%AE/%E8%85%8A%E9%9B%AA,http://p.ayxbk.com/images/d/dd/Bkmya.jpg
水部,夏冰,http://www.a-hospital.com/w/%E6%9C%AC%E8%8D%89%E7%BA%B2%E7%9B%AE/%E5%A4%8F%E5%86%B0,
水部,半天河,http://www.a-hospital.com/w/%E6%9C%AC%E8%8D%89%E7%BA%B2%E7%9B%AE/%E5%8D%8A%E5%A4%A9%E6%B2%B3,
水部,流水,http://www.a-hospital.com/w/%E6%9C%AC%E8%8D%89%E7%BA%B2%E7%9B%AE/%E6%B5%81%E6%B0%B4,
水部,井泉水,http://www.a-hospital.com/w/%E6%9C%AC%E8%8D%89%E7%BA%B2%E7%9B%AE/%E4%BA%95%E6%B3%89%E6%B0%B4,
水部,醴泉,http://www.a-hospital.com/w/%E6%9C%AC%E8%8D%89%E7%BA%B2%E7%9B%AE/%E9%86%B4%E6%B3%89,
水部,温汤,http://www.a-hospital.com/w/%E6%9C%AC%E8%8D%89%E7%BA%B2%E7%9B%AE/%E6%B8%A9%E6%B1%A4,
水部,盐胆水,http://www.a-hospital.com/w/%E6%9C%AC%E8%8D%89%E7%BA%B2%E7%9B%AE/%E7%9B%90%E8%83%86%E6%B0%B4,
水部,阿井泉,http://www.a-hospital.com/w/%E6%9C%AC%E8%8D%89%E7%BA%B2%E7%9B%AE/%E9%98%BF%E4%BA%95%E6%B3%89,
水部,地浆,http://www.a-hospital.com/w/%E6%9C%AC%E8%8D%89%E7%BA%B2%E7%9B%AE/%E5%9C%B0%E6%B5%86,
水部,热汤,http://www.a-hospital.com/w/%E6%9C%AC%E8%8D%89%E7%BA%B2%E7%9B%AE/%E7%83%AD%E6%B1%A4,
水部,浆水,http://www.a-hospital.com/w/%E6%9C%AC%E8%8D%89%E7%BA%B2%E7%9B%AE/%E6%B5%86%E6%B0%B4,
人部,人中黄,http://www.a-hospital.com/w/%E6%9C%AC%E8%8D%89%E7%BA%B2%E7%9B%AE/%E4%BA%BA%E4%B8%AD%E9%BB%84,http://p.ayxbk.com/images/thumb/b/b5/Bkeqn.jpg/220px-Bkeqn.jpg
人部,人尿,http://www.a-hospital.com/w/%E6%9C%AC%E8%8D%89%E7%BA%B2%E7%9B%AE/%E4%BA%BA%E5%B0%BF,
人部,乱发,http://www.a-hospital.com/w/%E6%9C%AC%E8%8D%89%E7%BA%B2%E7%9B%AE/%E4%B9%B1%E5%8F%91,
人部,溺白沂,http://www.a-hospital.com/w/%E6%9C%AC%E8%8D%89%E7%BA%B2%E7%9B%AE/%E6%BA%BA%E7%99%BD%E6%B2%82,
人部,秋石,http://www.a-hospital.com/w/%E6%9C%AC%E8%8D%89%E7%BA%B2%E7%9B%AE/%E7%A7%8B%E7%9F%B3,http://p.ayxbk.com/images/thumb/c/cf/Bkeo4.jpg/220px-Bkeo4.jpg
人部,人胞,http://www.a-hospital.com/w/%E6%9C%AC%E8%8D%89%E7%BA%B2%E7%9B%AE/%E4%BA%BA%E8%83%9E,
金石部,银,http://www.a-hospital.com/w/%E6%9C%AC%E8%8D%89%E7%BA%B2%E7%9B%AE/%E9%93%B6,
金石部,自然铜,http://www.a-hospital.com/w/%E6%9C%AC%E8%8D%89%E7%BA%B2%E7%9B%AE/%E8%87%AA%E7%84%B6%E9%93%9C,http://p.ayxbk.com/images/thumb/7/7f/Bk581.jpg/220px-Bk581.jpg
金石部,铜青,http://www.a-hospital.com/w/%E6%9C%AC%E8%8D%89%E7%BA%B2%E7%9B%AE/%E9%93%9C%E9%9D%92,
金石部,铅,http://www.a-hospital.com/w/%E6%9C%AC%E8%8D%89%E7%BA%B2%E7%9B%AE/%E9%93%85,http://p.ayxbk.com/images/thumb/0/02/Bkn97.jpg/220px-Bkn97.jpg
金石部,铅霜,http://www.a-hospital.com/w/%E6%9C%AC%E8%8D%89%E7%BA%B2%E7%9B%AE/%E9%93%85%E9%9C%9C,
金石部,粉锡,http://www.a-hospital.com/w/%E6%9C%AC%E8%8D%89%E7%BA%B2%E7%9B%AE/%E7%B2%89%E9%94%A1,
金石部,铅丹,http://www.a-hospital.com/w/%E6%9C%AC%E8%8D%89%E7%BA%B2%E7%9B%AE/%E9%93%85%E4%B8%B9,http://p.ayxbk.com/images/thumb/a/a9/Bk0ot.jpg/220px-Bk0ot.jpg
金石部,密陀僧,http://www.a-hospital.com/w/%E6%9C%AC%E8%8D%89%E7%BA%B2%E7%9B%AE/%E5%AF%86%E9%99%80%E5%83%A7,http://p.ayxbk.com/images/thumb/4/49/Bk71r.jpg/220px-Bk71r.jpg
金石部,锡,http://www.a-hospital.com/w/%E6%9C%AC%E8%8D%89%E7%BA%B2%E7%9B%AE/%E9%94%A1,
金石部,铁,http://www.a-hospital.com/w/%E6%9C%AC%E8%8D%89%E7%BA%B2%E7%9B%AE/%E9%93%81,http://p.ayxbk.com/images/thumb/e/eb/Bknto.jpg/220px-Bknto.jpg
金石部,铁粉,http://www.a-hospital.com/w/%E6%9C%AC%E8%8D%89%E7%BA%B2%E7%9B%AE/%E9%93%81%E7%B2%89,http://p.ayxbk.com/images/a/a6/Bkfgf.jpg
金石部,铁落,http://www.a-hospital.com/w/%E6%9C%AC%E8%8D%89%E7%BA%B2%E7%9B%AE/%E9%93%81%E8%90%BD,
金石部,铁精,http://www.a-hospital.com/w/%E6%9C%AC%E8%8D%89%E7%BA%B2%E7%9B%AE/%E9%93%81%E7%B2%BE,
金石部,白石英,http://www.a-hospital.com/w/%E6%9C%AC%E8%8D%89%E7%BA%B2%E7%9B%AE/%E7%99%BD%E7%9F%B3%E8%8B%B1,http://p.ayxbk.com/images/thumb/2/21/Bkan2.jpg/220px-Bkan2.jpg
金石部,水银,http://www.a-hospital.com/w/%E6%9C%AC%E8%8D%89%E7%BA%B2%E7%9B%AE/%E6%B0%B4%E9%93%B6,
金石部,水银粉,http://www.a-hospital.com/w/%E6%9C%AC%E8%8D%89%E7%BA%B2%E7%9B%AE/%E6%B0%B4%E9%93%B6%E7%B2%89,
金石部,粉霜,http://www.a-hospital.com/w/%E6%9C%AC%E8%8D%89%E7%BA%B2%E7%9B%AE/%E7%B2%89%E9%9C%9C,
金石部,银朱,http://www.a-hospital.com/w/%E6%9C%AC%E8%8D%89%E7%BA%B2%E7%9B%AE/%E9%93%B6%E6%9C%B1,
金石部,灵砂,http://www.a-hospital.com/w/%E6%9C%AC%E8%8D%89%E7%BA%B2%E7%9B%AE/%E7%81%B5%E7%A0%82,
金石部,雄黄,http://www.a-hospital.com/w/%E6%9C%AC%E8%8D%89%E7%BA%B2%E7%9B%AE/%E9%9B%84%E9%BB%84,http://p.ayxbk.com/images/thumb/8/8a/Bk4is.jpg/220px-Bk4is.jpg
金石部,雌黄,http://www.a-hospital.com/w/%E6%9C%AC%E8%8D%89%E7%BA%B2%E7%9B%AE/%E9%9B%8C%E9%BB%84,http://p.ayxbk.com/images/4/41/Bkcfy.jpg
金石部,石膏,http://www.a-hospital.com/w/%E6%9C%AC%E8%8D%89%E7%BA%B2%E7%9B%AE/%E7%9F%B3%E8%86%8F,http://p.ayxbk.com/images/thumb/f/f6/Bk3q7.jpg/220px-Bk3q7.jpg
金石部,滑石,http://www.a-hospital.com/w/%E6%9C%AC%E8%8D%89%E7%BA%B2%E7%9B%AE/%E6%BB%91%E7%9F%B3,http://p.ayxbk.com/images/thumb/1/15/Bk1v7.jpg/220px-Bk1v7.jpg
金石部,不灰木,http://www.a-hospital.com/w/%E6%9C%AC%E8%8D%89%E7%BA%B2%E7%9B%AE/%E4%B8%8D%E7%81%B0%E6%9C%A8,
金石部,五色石脂,http://www.a-hospital.com/w/%E6%9C%AC%E8%8D%89%E7%BA%B2%E7%9B%AE/%E4%BA%94%E8%89%B2%E7%9F%B3%E8%84%82,
金石部,炉甘石,http://www.a-hospital.com/w/%E6%9C%AC%E8%8D%89%E7%BA%B2%E7%9B%AE/%E7%82%89%E7%94%98%E7%9F%B3,http://p.ayxbk.com/images/thumb/6/66/Bk2pa.jpg/220px-Bk2pa.jpg
金石部,无名异,http://www.a-hospital.com/w/%E6%9C%AC%E8%8D%89%E7%BA%B2%E7%9B%AE/%E6%97%A0%E5%90%8D%E5%BC%82,http://p.ayxbk.com/images/thumb/a/ad/Bkfow.jpg/220px-Bkfow.jpg
金石部,石钟乳,http://www.a-hospital.com/w/%E6%9C%AC%E8%8D%89%E7%BA%B2%E7%9B%AE/%E7%9F%B3%E9%92%9F%E4%B9%B3,
金石部,石脑油,http://www.a-hospital.com/w/%E6%9C%AC%E8%8D%89%E7%BA%B2%E7%9B%AE/%E7%9F%B3%E8%84%91%E6%B2%B9,
金石部,石炭,http://www.a-hospital.com/w/%E6%9C%AC%E8%8D%89%E7%BA%B2%E7%9B%AE/%E7%9F%B3%E7%82%AD,
金石部,石灰,http://www.a-hospital.com/w/%E6%9C%AC%E8%8D%89%E7%BA%B2%E7%9B%AE/%E7%9F%B3%E7%81%B0,http://p.ayxbk.com/images/thumb/7/7b/Bkbrg.jpg/220px-Bkbrg.jpg
金石部,阳起石,http://www.a-hospital.com/w/%E6%9C%AC%E8%8D%89%E7%BA%B2%E7%9B%AE/%E9%98%B3%E8%B5%B7%E7%9F%B3,http://p.ayxbk.com/images/thumb/4/4a/Bk4q1.jpg/220px-Bk4q1.jpg
金石部,慈石,http://www.a-hospital.com/w/%E6%9C%AC%E8%8D%89%E7%BA%B2%E7%9B%AE/%E6%85%88%E7%9F%B3,
金石部,代赭石,http://www.a-hospital.com/w/%E6%9C%AC%E8%8D%89%E7%BA%B2%E7%9B%AE/%E4%BB%A3%E8%B5%AD%E7%9F%B3,http://p.ayxbk.com/images/thumb/9/93/Bk0xg.jpg/220px-Bk0xg.jpg
金石部,禹余粮,http://www.a-hospital.com/w/%E6%9C%AC%E8%8D%89%E7%BA%B2%E7%9B%AE/%E7%A6%B9%E4%BD%99%E7%B2%AE,http://p.ayxbk.com/images/thumb/7/79/Bk4x2.jpg/220px-Bk4x2.jpg
金石部,空青,http://www.a-hospital.com/w/%E6%9C%AC%E8%8D%89%E7%BA%B2%E7%9B%AE/%E7%A9%BA%E9%9D%92,
金石部,曾青,http://www.a-hospital.com/w/%E6%9C%AC%E8%8D%89%E7%BA%B2%E7%9B%AE/%E6%9B%BE%E9%9D%92,
金石部,绿青,http://www.a-hospital.com/w/%E6%9C%AC%E8%8D%89%E7%BA%B2%E7%9B%AE/%E7%BB%BF%E9%9D%92,
金石部,扁青,http://www.a-hospital.com/w/%E6%9C%AC%E8%8D%89%E7%BA%B2%E7%9B%AE/%E6%89%81%E9%9D%92,http://p.ayxbk.com/images/3/3c/Bkc5i.jpg
金石部,石胆,http://www.a-hospital.com/w/%E6%9C%AC%E8%8D%89%E7%BA%B2%E7%9B%AE/%E7%9F%B3%E8%83%86,
金石部,砒石,http://www.a-hospital.com/w/%E6%9C%AC%E8%8D%89%E7%BA%B2%E7%9B%AE/%E7%A0%92%E7%9F%B3,http://p.ayxbk.com/images/9/98/Bkbpi.jpg
金石部,金星石,http://www.a-hospital.com/w/%E6%9C%AC%E8%8D%89%E7%BA%B2%E7%9B%AE/%E9%87%91%E6%98%9F%E7%9F%B3,
金石部,礞石,http://www.a-hospital.com/w/%E6%9C%AC%E8%8D%89%E7%BA%B2%E7%9B%AE/%E7%A4%9E%E7%9F%B3,http://p.ayxbk.com/images/thumb/e/e5/Bk2wk.jpg/220px-Bk2wk.jpg
金石部,花乳石,http://www.a-hospital.com/w/%E6%9C%AC%E8%8D%89%E7%BA%B2%E7%9B%AE/%E8%8A%B1%E4%B9%B3%E7%9F%B3,
金石部,金牙石,http://www.a-hospital.com/w/%E6%9C%AC%E8%8D%89%E7%BA%B2%E7%9B%AE/%E9%87%91%E7%89%99%E7%9F%B3,
金石部,石燕,http://www.a-hospital.com/w/%E6%9C%AC%E8%8D%89%E7%BA%B2%E7%9B%AE/%E7%9F%B3%E7%87%95,http://p.ayxbk.com/images/5/5c/Bkbro.jpg
金石部,食盐,http://www.a-hospital.com/w/%E6%9C%AC%E8%8D%89%E7%BA%B2%E7%9B%AE/%E9%A3%9F%E7%9B%90,
金石部,盐,http://www.a-hospital.com/w/%E6%9C%AC%E8%8D%89%E7%BA%B2%E7%9B%AE/%E7%9B%90,
金石部,卤碱,http://www.a-hospital.com/w/%E6%9C%AC%E8%8D%89%E7%BA%B2%E7%9B%AE/%E5%8D%A4%E7%A2%B1,
金石部,凝水石,http://www.a-hospital.com/w/%E6%9C%AC%E8%8D%89%E7%BA%B2%E7%9B%AE/%E5%87%9D%E6%B0%B4%E7%9F%B3,
金石部,玄精石,http://www.a-hospital.com/w/%E6%9C%AC%E8%8D%89%E7%BA%B2%E7%9B%AE/%E7%8E%84%E7%B2%BE%E7%9F%B3,http://p.ayxbk.com/images/5/58/Bkmr4.jpg
金石部,朴硝（硭硝、马牙硝）,http://www.a-hospital.com/w/%E6%9C%AC%E8%8D%89%E7%BA%B2%E7%9B%AE/%E6%9C%B4%E7%A1%9D%EF%BC%88%E7%A1%AD%E7%A1%9D%E3%80%81%E9%A9%AC%E7%89%99%E7%A1%9D%EF%BC%89,
金石部,玄明粉,http://www.a-hospital.com/w/%E6%9C%AC%E8%8D%89%E7%BA%B2%E7%9B%AE/%E7%8E%84%E6%98%8E%E7%B2%89,
金石部,硝石,http://www.a-hospital.com/w/%E6%9C%AC%E8%8D%89%E7%BA%B2%E7%9B%AE/%E7%A1%9D%E7%9F%B3,
金石部,硇砂,http://www.a-hospital.com/w/%E6%9C%AC%E8%8D%89%E7%BA%B2%E7%9B%AE/%E7%A1%87%E7%A0%82,http://p.ayxbk.com/images/9/93/Bk31z.jpg
金石部,蓬砂,http://www.a-hospital.com/w/%E6%9C%AC%E8%8D%89%E7%BA%B2%E7%9B%AE/%E8%93%AC%E7%A0%82,
金石部,石硫磺,http://www.a-hospital.com/w/%E6%9C%AC%E8%8D%89%E7%BA%B2%E7%9B%AE/%E7%9F%B3%E7%A1%AB%E7%A3%BA,
金石部,石硫赤,http://www.a-hospital.com/w/%E6%9C%AC%E8%8D%89%E7%BA%B2%E7%9B%AE/%E7%9F%B3%E7%A1%AB%E8%B5%A4,
金石部,矾石,http://www.a-hospital.com/w/%E6%9C%AC%E8%8D%89%E7%BA%B2%E7%9B%AE/%E7%9F%BE%E7%9F%B3,
金石部,绿矾,http://www.a-hospital.com/w/%E6%9C%AC%E8%8D%89%E7%BA%B2%E7%9B%AE/%E7%BB%BF%E7%9F%BE,http://p.ayxbk.com/images/thumb/0/02/Bkmvg.jpg/220px-Bkmvg.jpg
金石部,黄矾,http://www.a-hospital.com/w/%E6%9C%AC%E8%8D%89%E7%BA%B2%E7%9B%AE/%E9%BB%84%E7%9F%BE,http://p.ayxbk.com/images/thumb/0/0a/Bkd9z.jpg/220px-Bkd9z.jpg